假期,假期日期,星期,前置对照日期,前置间隔天数,后置对照日期,后置间隔天数,匹配规则,总消费额_假期值,总消费额_前置对照值,总消费额_后置对照值,总消费额_配对对照均值,总点击量_假期值,总点击量_前置对照值,总点击量_后置对照值,总点击量_配对对照均值,CTR_假期值,CTR_前置对照值,CTR_后置对照值,CTR_配对对照均值,CPC_假期值,CPC_前置对照值,CPC_后置对照值,CPC_配对对照均值,新注册数_假期值,新注册数_前置对照值,新注册数_后置对照值,新注册数_配对对照均值
春节,2025-01-28,周二,2025-01-21,7,2025-02-11,14,假期区间前后各14天内非节假日；同星期；两侧分别不放回最近匹配,1640,1183.02,6026.83,3604.925,650,568,2322,1445,0.100092,0.059377,0.096819,0.078098,2.523077,2.082782,2.595534,2.339158,77,375,322,348.5
春节,2025-01-29,周三,2025-01-22,7,2025-02-05,7,假期区间前后各14天内非节假日；同星期；两侧分别不放回最近匹配,638.08,4317.64,2007.82,3162.73,247,1498,834,1166,0.092718,0.083236,0.11486,0.099048,2.58332,2.88227,2.407458,2.644864,40,308,125,216.5
春节,2025-01-30,周四,2025-01-23,7,2025-02-06,7,假期区间前后各14天内非节假日；同星期；两侧分别不放回最近匹配,608.57,5633.33,2043.97,3838.65,244,2100,785,1442.5,0.137931,0.113526,0.116452,0.114989,2.494139,2.682538,2.603783,2.6431605,42,314,110,212
春节,2025-01-31,周五,2025-01-24,7,2025-02-07,7,假期区间前后各14天内非节假日；同星期；两侧分别不放回最近匹配,721.31,5363.98,2523.34,3943.66,274,1988,998,1493,0.112943,0.080385,0.093718,0.0870515,2.632518,2.698179,2.528397,2.613288,40,308,112,210
春节,2025-02-01,周六,2025-01-25,7,2025-02-08,7,假期区间前后各14天内非节假日；同星期；两侧分别不放回最近匹配,803.04,6020.49,1938.27,3979.38,313,2321,921,1621,0.107082,0.091324,0.084402,0.087863,2.565623,2.593921,2.104528,2.3492245,43,325,121,223
春节,2025-02-02,周日,2025-01-26,7,2025-02-09,7,假期区间前后各14天内非节假日；同星期；两侧分别不放回最近匹配,1155.04,6023.3,6023.95,6023.625,479,2256,2261,2258.5,0.121204,0.09227,0.087615,0.0899425,2.411357,2.669902,2.664286,2.667094,56,335,285,310
春节,2025-02-03,周一,2025-01-27,7,2025-02-10,7,假期区间前后各14天内非节假日；同星期；两侧分别不放回最近匹配,1403.28,2505.41,6045.35,4275.38,586,1195,2308,1751.5,0.136121,0.100176,0.09731,0.098743,2.394676,2.096577,2.619302,2.3579395,72,187,329,258
春节,2025-02-04,周二,2025-01-14,21,2025-02-18,14,假期区间前后各14天内非节假日；同星期；两侧分别不放回最近匹配,1806.39,788.71,4774.4,2781.555,739,402,1912,1157,0.127063,0.04784,0.093055,0.0704475,2.444371,1.961965,2.497071,2.229518,92,57,232,144.5
清明节,2025-04-04,周五,2025-03-28,7,2025-04-11,7,假期区间前后各14天内非节假日；同星期；两侧分别不放回最近匹配,304.24,622.3,3365.54,1993.92,207,822,3331,2076.5,0.016765,0.024316,0.1023,0.063308,1.469758,0.757056,1.010369,0.8837125,25,55,357,206
清明节,2025-04-05,周六,2025-03-29,7,2025-04-12,7,假期区间前后各14天内非节假日；同星期；两侧分别不放回最近匹配,331.7,1003.57,3363.24,2183.405,229,1129,3438,2283.5,0.01761,0.024443,0.104852,0.0646475,1.448472,0.888902,0.978255,0.9335785,28,61,363,212
清明节,2025-04-06,周日,2025-03-30,7,2025-04-13,7,假期区间前后各14天内非节假日；同星期；两侧分别不放回最近匹配,521.5,1009.59,962.8,986.195,369,740,1639,1189.5,0.020125,0.014733,0.16034,0.0875365,1.413279,1.364311,0.587431,0.975871,45,17,164,90.5
劳动节,2025-05-01,周四,2025-04-24,7,2025-05-08,7,假期区间前后各14天内非节假日；同星期；两侧分别不放回最近匹配,439.12,8352.19,4426.36,6389.275,459,5971,2373,4172,0.020968,0.053841,0.022144,0.0379925,0.956688,1.398792,1.865301,1.6320465,50,478,268,373
劳动节,2025-05-02,周五,2025-04-25,7,2025-05-09,7,假期区间前后各14天内非节假日；同星期；两侧分别不放回最近匹配,530.86,5414.23,6155.26,5784.745,483,4349,2607,3478,0.021169,0.040688,0.020992,0.03084,1.099089,1.244937,2.361051,1.802994,51,305,272,288.5
劳动节,2025-05-03,周六,2025-04-26,7,2025-05-10,7,假期区间前后各14天内非节假日；同星期；两侧分别不放回最近匹配,540.67,5551.69,7902.11,6726.9,552,3547,3864,3705.5,0.022681,0.037881,0.033433,0.035657,0.979475,1.565179,2.04506,1.8051195,60,277,323,300
劳动节,2025-05-04,周日,2025-04-27,7,2025-05-11,7,假期区间前后各14天内非节假日；同星期；两侧分别不放回最近匹配,617.64,1692.87,5787.92,3740.395,636,1777,3416,2596.5,0.021704,0.041362,0.029943,0.0356525,0.971132,0.952656,1.694356,1.323506,76,159,269,214
劳动节,2025-05-05,周一,2025-04-28,7,2025-05-12,7,假期区间前后各14天内非节假日；同星期；两侧分别不放回最近匹配,843.3,4690.49,2435.56,3563.025,888,2893,1617,2255,0.023024,0.029153,0.029943,0.029548,0.949662,1.621324,1.506221,1.5637725,96,209,165,187
端午节,2025-05-31,周六,2025-05-24,7,2025-06-07,7,假期区间前后各14天内非节假日；同星期；两侧分别不放回最近匹配,1861.89,3110.35,4014.07,3562.21,686,3406,1282,2344,0.028854,0.033599,0.026663,0.030131,2.714125,0.913197,3.1311,2.0221485,71,222,116,169
端午节,2025-06-01,周日,2025-05-25,7,2025-06-08,7,假期区间前后各14天内非节假日；同星期；两侧分别不放回最近匹配,1612.29,1521.4,3007.1,2264.25,602,1503,2739,2121,0.026868,0.027377,0.031474,0.0294255,2.678223,1.012242,1.097882,1.055062,69,147,193,170
端午节,2025-06-02,周一,2025-05-26,7,2025-06-09,7,假期区间前后各14天内非节假日；同星期；两侧分别不放回最近匹配,1654.14,1709.3,1672.49,1690.895,618,1708,1331,1519.5,0.024121,0.029267,0.027528,0.0283975,2.676602,1.000761,1.256566,1.1286635,64,193,125,159
国庆/中秋假期,2025-10-01,周三,2025-09-24,7,2025-10-15,14,假期区间前后各14天内非节假日；同星期；两侧分别不放回最近匹配,459.97,5003.5,3914.86,4459.18,415,2932,2824,2878,0.018266,0.036319,0.038085,0.037202,1.108361,1.706514,1.386282,1.546398,47,345,311,328
国庆/中秋假期,2025-10-02,周四,2025-09-25,7,2025-10-09,7,假期区间前后各14天内非节假日；同星期；两侧分别不放回最近匹配,400.76,5000.99,3890.78,4445.885,371,3057,2596,2826.5,0.019468,0.038537,0.039276,0.0389065,1.080216,1.635914,1.49876,1.567337,45,379,301,340
国庆/中秋假期,2025-10-03,周五,2025-09-26,7,2025-10-10,7,假期区间前后各14天内非节假日；同星期；两侧分别不放回最近匹配,426.23,4845.83,4273.52,4559.675,389,2868,2855,2861.5,0.019386,0.038523,0.038731,0.038627,1.095707,1.68962,1.496855,1.5932375,41,340,327,333.5
国庆/中秋假期,2025-10-04,周六,2025-09-27,7,2025-10-11,7,假期区间前后各14天内非节假日；同星期；两侧分别不放回最近匹配,496.79,4339.54,3811.33,4075.435,427,2551,2615,2583,0.019756,0.037791,0.036095,0.036943,1.163443,1.701113,1.457488,1.5793005,52,300,268,284
国庆/中秋假期,2025-10-05,周日,2025-09-28,7,2025-10-12,7,假期区间前后各14天内非节假日；同星期；两侧分别不放回最近匹配,522.99,1670.21,3413.26,2541.735,476,1028,2350,1689,0.01856,0.030063,0.037141,0.033602,1.098718,1.624718,1.452451,1.5385845,61,140,226,183
国庆/中秋假期,2025-10-06,周一,2025-09-29,7,2025-10-13,7,假期区间前后各14天内非节假日；同星期；两侧分别不放回最近匹配,698,3011.62,1346.25,2178.935,606,1964,940,1452,0.022561,0.039174,0.027149,0.0331615,1.151815,1.533411,1.432181,1.482796,68,227,127,177
国庆/中秋假期,2025-10-07,周二,2025-09-30,7,2025-10-14,7,假期区间前后各14天内非节假日；同星期；两侧分别不放回最近匹配,917.97,1806.21,4388.63,3097.42,843,1640,3056,2348,0.022389,0.02813,0.039668,0.033899,1.088932,1.101348,1.43607,1.268709,76,161,365,263
国庆/中秋假期,2025-10-08,周三,2025-09-17,21,2025-10-22,14,假期区间前后各14天内非节假日；同星期；两侧分别不放回最近匹配,2034.54,433.19,4448.65,2440.92,1455,476,2620,1548,0.039558,0.016168,0.037019,0.0265935,1.398309,0.910063,1.697958,1.3040105,162,265,270,267.5
