模型,因变量,因变量单位,假日变量,参考组,假日样本天数,系数,HAC标准误,t值,p值,95%置信区间下限,95%置信区间上限,协方差估计,推断限制
总消费额~假日类型+月份+星期,总消费额,元,元旦,非节假日,1,-3861.69451108,,,,,,Newey-West HAC(maxlags=7),单日样本：仅保留系数作描述，不报告标准误、置信区间和p值
总消费额~假日类型+月份+星期,总消费额,元,春节,非节假日,8,-3825.16939131,630.761618838,-6.06436612037,3.51636503682e-09,-5065.84288525,-2584.49589737,Newey-West HAC(maxlags=7),
总消费额~假日类型+月份+星期,总消费额,元,清明节,非节假日,3,-2445.1466516,540.54918756,-4.52344894391,8.41041523526e-06,-3508.37724324,-1381.91605997,Newey-West HAC(maxlags=7),
总消费额~假日类型+月份+星期,总消费额,元,劳动节,非节假日,5,-3572.96232362,680.824901512,-5.24799007158,2.7085332308e-07,-4912.10754758,-2233.81709967,Newey-West HAC(maxlags=7),
总消费额~假日类型+月份+星期,总消费额,元,端午节,非节假日,3,-551.721741877,524.876859678,-1.05114510519,0.293936280221,-1584.12572452,480.682240764,Newey-West HAC(maxlags=7),
总消费额~假日类型+月份+星期,总消费额,元,国庆/中秋假期,非节假日,8,-2851.50965469,387.837034539,-7.35233977353,1.45763305062e-12,-3614.36382075,-2088.65548863,Newey-West HAC(maxlags=7),
总点击量~假日类型+月份+星期,总点击量,次,元旦,非节假日,1,-1595.85276651,,,,,,Newey-West HAC(maxlags=7),单日样本：仅保留系数作描述，不报告标准误、置信区间和p值
总点击量~假日类型+月份+星期,总点击量,次,春节,非节假日,8,-1608.60843305,323.921998919,-4.9660363866,1.08231963451e-06,-2245.74523111,-971.471634997,Newey-West HAC(maxlags=7),
总点击量~假日类型+月份+星期,总点击量,次,清明节,非节假日,3,-2324.68249722,348.155201412,-6.67714423852,9.90369067902e-11,-3009.48467489,-1639.88031955,Newey-West HAC(maxlags=7),
总点击量~假日类型+月份+星期,总点击量,次,劳动节,非节假日,5,-2238.71555455,323.967761581,-6.91030349324,2.38423462024e-11,-2875.94236525,-1601.48874385,Newey-West HAC(maxlags=7),
总点击量~假日类型+月份+星期,总点击量,次,端午节,非节假日,3,-726.551255733,352.826103231,-2.05923328541,0.040230800656,-1420.54084098,-32.5616704837,Newey-West HAC(maxlags=7),
总点击量~假日类型+月份+星期,总点击量,次,国庆/中秋假期,非节假日,8,-1634.33901847,229.716254765,-7.11459892179,6.65285141074e-12,-2086.17828691,-1182.49975003,Newey-West HAC(maxlags=7),
CTR~假日类型+月份+星期,CTR,百分点,元旦,非节假日,1,3.39132023263,,,,,,Newey-West HAC(maxlags=7),单日样本：仅保留系数作描述，不报告标准误、置信区间和p值
CTR~假日类型+月份+星期,CTR,百分点,春节,非节假日,8,1.82811739799,0.543230636822,3.36526932408,0.000851828212645,0.759612542796,2.89662225319,Newey-West HAC(maxlags=7),
CTR~假日类型+月份+星期,CTR,百分点,清明节,非节假日,3,-3.81543864309,1.49853694515,-2.5461091603,0.0113324408927,-6.76297858846,-0.867898697712,Newey-West HAC(maxlags=7),
CTR~假日类型+月份+星期,CTR,百分点,劳动节,非节假日,5,-0.718232174813,0.148002913009,-4.85282458439,1.85550277451e-06,-1.00934578368,-0.427118565943,Newey-West HAC(maxlags=7),
CTR~假日类型+月份+星期,CTR,百分点,端午节,非节假日,3,0.309571486978,0.224251348922,1.38046655445,0.168347254855,-0.131518611529,0.750661585486,Newey-West HAC(maxlags=7),
CTR~假日类型+月份+星期,CTR,百分点,国庆/中秋假期,非节假日,8,-1.1391032636,0.243531803691,-4.67743122803,4.19361443238e-06,-1.61811695871,-0.660089568497,Newey-West HAC(maxlags=7),
CPC~假日类型+月份+星期,CPC,元/次,元旦,非节假日,1,0.0320794266597,,,,,,Newey-West HAC(maxlags=7),单日样本：仅保留系数作描述，不报告标准误、置信区间和p值
CPC~假日类型+月份+星期,CPC,元/次,春节,非节假日,8,0.066872271026,0.0594640002457,1.12458413073,0.261556278047,-0.0500901546275,0.18383469668,Newey-West HAC(maxlags=7),
CPC~假日类型+月份+星期,CPC,元/次,清明节,非节假日,3,0.335073931883,0.119310220844,2.80842604692,0.00526520222375,0.100397274114,0.569750589651,Newey-West HAC(maxlags=7),
CPC~假日类型+月份+星期,CPC,元/次,劳动节,非节假日,5,-0.479326769153,0.158265240215,-3.0286294609,0.00264400906182,-0.790625812536,-0.168027725769,Newey-West HAC(maxlags=7),
CPC~假日类型+月份+星期,CPC,元/次,端午节,非节假日,3,1.04144870768,0.142025612412,7.33282321403,1.65327359703e-12,0.762092121106,1.32080529425,Newey-West HAC(maxlags=7),
CPC~假日类型+月份+星期,CPC,元/次,国庆/中秋假期,非节假日,8,-0.427923180726,0.0690720364939,-6.19531727234,1.67557923359e-09,-0.563784086481,-0.292062274972,Newey-West HAC(maxlags=7),
新注册数~同日总点击+假日类型+月份+星期,新注册数,人,元旦,非节假日,1,-83.4471721015,,,,,,Newey-West HAC(maxlags=7),单日样本：仅保留系数作描述，不报告标准误、置信区间和p值
新注册数~同日总点击+假日类型+月份+星期,新注册数,人,春节,非节假日,8,-117.153164188,25.3542229297,-4.62065686308,5.43752385956e-06,-167.024051905,-67.282276471,Newey-West HAC(maxlags=7),
新注册数~同日总点击+假日类型+月份+星期,新注册数,人,清明节,非节假日,3,4.03381894771,30.6562434934,0.131582297373,0.895392515672,-56.2659615398,64.3335994352,Newey-West HAC(maxlags=7),
新注册数~同日总点击+假日类型+月份+星期,新注册数,人,劳动节,非节假日,5,9.36817787522,28.4173025707,0.329664571502,0.741856430746,-46.5276825367,65.2640382871,Newey-West HAC(maxlags=7),
新注册数~同日总点击+假日类型+月份+星期,新注册数,人,端午节,非节假日,3,12.908542962,11.5938933822,1.11339155334,0.266326811054,-9.89624804542,35.7133339695,Newey-West HAC(maxlags=7),
新注册数~同日总点击+假日类型+月份+星期,新注册数,人,国庆/中秋假期,非节假日,8,-46.9407994159,19.9394911765,-2.3541623505,0.0191328834118,-86.1610953153,-7.72050351644,Newey-West HAC(maxlags=7),
