差异排名,关键词,方案ID,推广单元ID,消费额,点击量,浏览量,CPC,浏览深度,跳出率,平均访问时长_秒,zero_effect,组内最大倍率,CPC最大最小比,浏览深度最大最小比
1,1270,495403620,9628223555,3.53,4,1,0.8825,0.25,1,3,False,40,1.15368271955,40
1,1270,525368335,9811363528,16.29,16,160,1.018125,10,0.6429,1163,False,40,1.15368271955,40
2,2354,495403620,9628223555,2.88,2,81,1.44,40.5,0,1618,False,27,1.3818663137,27
2,2354,495817671,9630806627,2.39,2,4,1.195,2,0,126,False,27,1.3818663137,27
2,2354,525368335,9811363528,60.44,58,87,1.04206896552,1.5,0.6364,197,False,27,1.3818663137,27
3,6149,495403620,9628223555,60.82,89,25,0.683370786517,0.280898876404,0.9091,171,False,22.4977319588,2.76630550857,22.4977319588
3,6149,63563817,1841014603,183.37,97,613,1.89041237113,6.31958762887,0.4804,397,False,22.4977319588,2.76630550857,22.4977319588
4,3923,495403620,9628223555,14.78,15,143,0.985333333333,9.53333333333,0.4286,930,False,16.0473612991,16.0473612991,2.02836879433
4,3923,525368335,9811363528,316.24,20,94,15.812,4.7,0.5263,244,False,16.0473612991,16.0473612991,2.02836879433
5,4177,495817671,9630806627,1.93,2,1,0.965,0.5,1,24,False,15.57489301,1.51785384314,15.57489301
5,4177,63563817,4190988309,2053.55,1402,10918,1.46472895863,7.78744650499,0.4145,483,False,15.57489301,1.51785384314,15.57489301
6,4706,495403620,9628223555,6.41,11,14,0.582727272727,1.27272727273,0.8889,94,False,14.1428571429,1.47925117005,14.1428571429
6,4706,525368335,9811363528,4.31,5,90,0.862,18,0.4,691,False,14.1428571429,1.47925117005,14.1428571429
7,6474,495403620,9628223555,120.04,56,136,2.14357142857,2.42857142857,0.5366,265,False,13.829897665,13.829897665,1.38374424914
7,6474,495817671,9630806627,23.07,18,34,1.28166666667,1.88888888889,0.625,273,False,13.829897665,13.829897665,1.38374424914
7,6474,525368335,9811363528,12230.47,690,1211,17.7253188406,1.75507246377,0.6592,172,False,13.829897665,13.829897665,1.38374424914
8,3989,495403620,8878077181,75197.1,124758,1230619,0.602743711826,9.86404879847,0.0814,631,False,11.3555478316,11.3555478316,1.52686750443
8,3989,495403620,9628223555,106.06,63,407,1.68349206349,6.46031746032,0.4483,394,False,11.3555478316,11.3555478316,1.52686750443
8,3989,495817671,9630806627,8240.76,1204,10226,6.84448504983,8.49335548173,0.1738,567,False,11.3555478316,11.3555478316,1.52686750443
8,3989,525368335,9811363528,0,0,0,,,,,True,11.3555478316,11.3555478316,1.52686750443
9,4594,495403620,9628223555,20.64,30,24,0.688,0.8,1,40,False,11.0548172757,11.0548172757,2.5
9,4594,525368335,9811363528,2076.36,273,546,7.60571428571,2,0.7826,227,False,11.0548172757,11.0548172757,2.5
10,1018,495403620,9628223555,102.67,67,256,1.5323880597,3.82089552239,0.5556,376,False,10.215920398,10.215920398,
10,1018,495817671,9630806627,0.15,1,0,0.15,0,0,0,False,10.215920398,10.215920398,
10,1018,525368335,9811363528,0,0,0,,,,,True,10.215920398,10.215920398,
11,1040,495403620,9628223555,5.45,6,29,0.908333333333,4.83333333333,0.5,261,False,8.05555555556,1.40917431193,8.05555555556
11,1040,495817671,9630806627,6.4,5,3,1.28,0.6,1,65,False,8.05555555556,1.40917431193,8.05555555556
12,2874,495403620,9628223555,5435.94,1915,10266,2.83861096606,5.36083550914,0.3591,411,False,7.50516971279,2.9745923297,7.50516971279
12,2874,495817671,9630806627,6.68,7,5,0.954285714286,0.714285714286,1,263,False,7.50516971279,2.9745923297,7.50516971279
12,2874,500635396,9657930100,103832.28,39270,110134,2.64406111536,2.80453272218,0.5535,234,False,7.50516971279,2.9745923297,7.50516971279
13,3382,495403620,9628223555,1533,276,1485,5.55434782609,5.38043478261,0.4779,384,False,7.0110982377,7.0110982377,3.12412342216
13,3382,495817671,9630806627,14.26,18,31,0.792222222222,1.72222222222,0.6429,90,False,7.0110982377,7.0110982377,3.12412342216
14,5702,495403620,9628223555,22.93,16,40,1.433125,2.5,0.8182,77,False,6.93791764557,6.93791764557,2.17289719626
14,5702,495817671,9630806627,924.69,93,107,9.94290322581,1.15053763441,0.8919,96,False,6.93791764557,6.93791764557,2.17289719626
15,2890,495403620,9628223555,6.51,6,19,1.085,3.16666666667,0.8,48,False,6.47368421053,1.16981132075,6.47368421053
15,2890,525368335,9811363528,3.71,4,82,0.9275,20.5,0.3333,2573,False,6.47368421053,1.16981132075,6.47368421053
16,1265,495403620,9628223555,0,0,0,,,,,True,6.21897810219,6.21897810219,2
16,1265,495817671,9630806627,1.37,2,1,0.685,0.5,1,1,False,6.21897810219,6.21897810219,2
16,1265,525368335,9811363528,4.26,1,1,4.26,1,1,10,False,6.21897810219,6.21897810219,2
17,2186,495403620,9628223555,2.48,3,3,0.826666666667,1,1,10,False,6,1.21875,6
17,2186,525368335,9811363528,8.06,8,48,1.0075,6,0.8571,1078,False,6,1.21875,6
18,3135,495403620,9628223555,2.7,2,22,1.35,11,0.5,1001,False,5.96129032258,1.0594356261,5.96129032258
18,3135,495817671,9630806627,240.28,168,310,1.43023809524,1.84523809524,0.8429,186,False,5.96129032258,1.0594356261,5.96129032258
18,3135,525368335,9811363528,0,0,0,,,,,True,5.96129032258,1.0594356261,5.96129032258
19,3973,495403620,9628223555,4.8,7,35,0.685714285714,5,0.8,77,False,5.71428571429,1.29244791667,5.71428571429
19,3973,495817671,9630806627,7.09,8,7,0.88625,0.875,1,50,False,5.71428571429,1.29244791667,5.71428571429
19,3973,525368335,9811363528,0,0,0,,,,,True,5.71428571429,1.29244791667,5.71428571429
20,1327,495403620,9628223555,1.34,1,1,1.34,1,1,6,False,5.66666666667,1.07835820896,5.66666666667
20,1327,525368335,9811363528,8.67,6,34,1.445,5.66666666667,0.4,505,False,5.66666666667,1.07835820896,5.66666666667
