关键词,投放实例数,方案数,推广单元数,方案ID列表,推广单元ID列表,总消费额,总点击量,总浏览量,CPC有效正值数,CPC最小正值,CPC中位数,CPC最大值,CPC最大最小比,点击量最小值,点击量中位数,点击量最大值,点击量极差,浏览深度有效正值数,浏览深度最小正值,浏览深度中位数,浏览深度最大值,浏览深度最大最小比,跳出率最小值,跳出率中位数,跳出率最大值,平均访问时长最小值_秒,平均访问时长中位数_秒,平均访问时长最大值_秒,组内最大倍率,差异排序依据
1270,2,2,2,495403620；525368335,9628223555；9811363528,19.82,20,161,2,0.8825,0.9503125,1.018125,1.15368271955,4,10,16,12,2,0.25,5.125,10,40,0.6429,0.82145,1,3,583,1163,40,"max(CPC最大最小比,浏览深度最大最小比)；仅使用至少2个正值"
2354,3,3,3,495403620；495817671；525368335,9628223555；9630806627；9811363528,65.71,62,172,3,1.04206896552,1.195,1.44,1.3818663137,2,2,58,56,3,1.5,2,40.5,27,0,0,0.6364,126,197,1618,27,"max(CPC最大最小比,浏览深度最大最小比)；仅使用至少2个正值"
6149,2,2,2,495403620；63563817,1841014603；9628223555,244.19,186,638,2,0.683370786517,1.28689157883,1.89041237113,2.76630550857,89,93,97,8,2,0.280898876404,3.30024325264,6.31958762887,22.4977319588,0.4804,0.69475,0.9091,171,284,397,22.4977319588,"max(CPC最大最小比,浏览深度最大最小比)；仅使用至少2个正值"
3923,2,2,2,495403620；525368335,9628223555；9811363528,331.02,35,237,2,0.985333333333,8.39866666667,15.812,16.0473612991,15,17.5,20,5,2,4.7,7.11666666667,9.53333333333,2.02836879433,0.4286,0.47745,0.5263,244,587,930,16.0473612991,"max(CPC最大最小比,浏览深度最大最小比)；仅使用至少2个正值"
4177,2,2,2,495817671；63563817,4190988309；9630806627,2055.48,1404,10919,2,0.965,1.21486447932,1.46472895863,1.51785384314,2,702,1402,1400,2,0.5,4.1437232525,7.78744650499,15.57489301,0.4145,0.70725,1,24,253.5,483,15.57489301,"max(CPC最大最小比,浏览深度最大最小比)；仅使用至少2个正值"
4706,2,2,2,495403620；525368335,9628223555；9811363528,10.72,16,104,2,0.582727272727,0.722363636364,0.862,1.47925117005,5,8,11,6,2,1.27272727273,9.63636363636,18,14.1428571429,0.4,0.64445,0.8889,94,392.5,691,14.1428571429,"max(CPC最大最小比,浏览深度最大最小比)；仅使用至少2个正值"
6474,3,3,3,495403620；495817671；525368335,9628223555；9630806627；9811363528,12373.58,764,1381,3,1.28166666667,2.14357142857,17.7253188406,13.829897665,18,56,690,672,3,1.75507246377,1.88888888889,2.42857142857,1.38374424914,0.5366,0.625,0.6592,172,265,273,13.829897665,"max(CPC最大最小比,浏览深度最大最小比)；仅使用至少2个正值"
3989,4,3,4,495403620；495817671；525368335,8878077181；9628223555；9630806627；9811363528,83543.92,126025,1241252,3,0.602743711826,1.68349206349,6.84448504983,11.3555478316,0,633.5,124758,124758,3,6.46031746032,8.49335548173,9.86404879847,1.52686750443,0.0814,0.1738,0.4483,394,567,631,11.3555478316,"max(CPC最大最小比,浏览深度最大最小比)；仅使用至少2个正值"
4594,2,2,2,495403620；525368335,9628223555；9811363528,2097,303,570,2,0.688,4.14685714286,7.60571428571,11.0548172757,30,151.5,273,243,2,0.8,1.4,2,2.5,0.7826,0.8913,1,40,133.5,227,11.0548172757,"max(CPC最大最小比,浏览深度最大最小比)；仅使用至少2个正值"
1018,3,3,3,495403620；495817671；525368335,9628223555；9630806627；9811363528,102.82,68,256,2,0.15,0.841194029851,1.5323880597,10.215920398,0,1,67,67,1,3.82089552239,1.91044776119,3.82089552239,,0,0.2778,0.5556,0,188,376,10.215920398,"max(CPC最大最小比,浏览深度最大最小比)；仅使用至少2个正值"
1040,2,2,2,495403620；495817671,9628223555；9630806627,11.85,11,32,2,0.908333333333,1.09416666667,1.28,1.40917431193,5,5.5,6,1,2,0.6,2.71666666667,4.83333333333,8.05555555556,0.5,0.75,1,65,163,261,8.05555555556,"max(CPC最大最小比,浏览深度最大最小比)；仅使用至少2个正值"
2874,3,3,3,495403620；495817671；500635396,9628223555；9630806627；9657930100,109274.9,41192,120405,3,0.954285714286,2.64406111536,2.83861096606,2.9745923297,7,1915,39270,39263,3,0.714285714286,2.80453272218,5.36083550914,7.50516971279,0.3591,0.5535,1,234,263,411,7.50516971279,"max(CPC最大最小比,浏览深度最大最小比)；仅使用至少2个正值"
3382,2,2,2,495403620；495817671,9628223555；9630806627,1547.26,294,1516,2,0.792222222222,3.17328502415,5.55434782609,7.0110982377,18,147,276,258,2,1.72222222222,3.55132850242,5.38043478261,3.12412342216,0.4779,0.5604,0.6429,90,237,384,7.0110982377,"max(CPC最大最小比,浏览深度最大最小比)；仅使用至少2个正值"
5702,2,2,2,495403620；495817671,9628223555；9630806627,947.62,109,147,2,1.433125,5.6880141129,9.94290322581,6.93791764557,16,54.5,93,77,2,1.15053763441,1.8252688172,2.5,2.17289719626,0.8182,0.85505,0.8919,77,86.5,96,6.93791764557,"max(CPC最大最小比,浏览深度最大最小比)；仅使用至少2个正值"
2890,2,2,2,495403620；525368335,9628223555；9811363528,10.22,10,101,2,0.9275,1.00625,1.085,1.16981132075,4,5,6,2,2,3.16666666667,11.8333333333,20.5,6.47368421053,0.3333,0.56665,0.8,48,1310.5,2573,6.47368421053,"max(CPC最大最小比,浏览深度最大最小比)；仅使用至少2个正值"
1265,3,3,3,495403620；495817671；525368335,9628223555；9630806627；9811363528,5.63,3,2,2,0.685,2.4725,4.26,6.21897810219,0,1,2,2,2,0.5,0.75,1,2,1,1,1,1,5.5,10,6.21897810219,"max(CPC最大最小比,浏览深度最大最小比)；仅使用至少2个正值"
2186,2,2,2,495403620；525368335,9628223555；9811363528,10.54,11,51,2,0.826666666667,0.917083333333,1.0075,1.21875,3,5.5,8,5,2,1,3.5,6,6,0.8571,0.92855,1,10,544,1078,6,"max(CPC最大最小比,浏览深度最大最小比)；仅使用至少2个正值"
3135,3,3,3,495403620；495817671；525368335,9628223555；9630806627；9811363528,242.98,170,332,2,1.35,1.39011904762,1.43023809524,1.0594356261,0,2,168,168,2,1.84523809524,6.42261904762,11,5.96129032258,0.5,0.67145,0.8429,186,593.5,1001,5.96129032258,"max(CPC最大最小比,浏览深度最大最小比)；仅使用至少2个正值"
3973,3,3,3,495403620；495817671；525368335,9628223555；9630806627；9811363528,11.89,15,42,2,0.685714285714,0.785982142857,0.88625,1.29244791667,0,7,8,8,2,0.875,2.9375,5,5.71428571429,0.8,0.9,1,50,63.5,77,5.71428571429,"max(CPC最大最小比,浏览深度最大最小比)；仅使用至少2个正值"
1327,2,2,2,495403620；525368335,9628223555；9811363528,10.01,7,35,2,1.34,1.3925,1.445,1.07835820896,1,3.5,6,5,2,1,3.33333333333,5.66666666667,5.66666666667,0.4,0.7,1,6,255.5,505,5.66666666667,"max(CPC最大最小比,浏览深度最大最小比)；仅使用至少2个正值"
4721,2,2,2,495817671；500635396,9630806627；9657930100,72784.49,23518,55379,2,0.5790625,1.83866605371,3.09826960743,5.35049257623,32,11759,23486,23454,2,1.84375,2.09959789875,2.3554457975,1.27752992407,0.57,0.645,0.72,191,206.5,222,5.35049257623,"max(CPC最大最小比,浏览深度最大最小比)；仅使用至少2个正值"
3082,2,2,2,495817671；525368335,9630806627；9811363528,6.46,4,17,2,1.32,1.51666666667,1.71333333333,1.29797979798,1,2,3,2,2,1,3.16666666667,5.33333333333,5.33333333333,0,0.5,1,1,202,403,5.33333333333,"max(CPC最大最小比,浏览深度最大最小比)；仅使用至少2个正值"
4163,2,2,2,495403620；525368335,9628223555；9811363528,1.75,3,2,2,0.245,0.7525,1.26,5.14285714286,1,1.5,2,1,1,1,0.5,1,,0,0.5,1,0,0.5,1,5.14285714286,"max(CPC最大最小比,浏览深度最大最小比)；仅使用至少2个正值"
6538,2,2,2,495403620；495817671,9628223555；9630806627,24.01,21,103,2,1.11,1.1275,1.145,1.03153153153,1,10.5,20,19,2,1,3.05,5.1,5.1,0.7222,0.8611,1,9,177,345,5.1,"max(CPC最大最小比,浏览深度最大最小比)；仅使用至少2个正值"
5588,3,3,3,495403620；495817671；525368335,9628223555；9630806627；9811363528,19.09,19,44,2,0.685,0.863676470588,1.04235294118,1.52168312581,0,2,17,17,2,0.5,1.51470588235,2.52941176471,5.05882352941,0.75,0.875,1,3,137.5,272,5.05882352941,"max(CPC最大最小比,浏览深度最大最小比)；仅使用至少2个正值"
1575,3,3,3,495403620；495817671；525368335,9628223555；9630806627；9811363528,67.41,242,152,2,0.167821782178,0.502785891089,0.83775,4.99190265487,0,40,202,202,2,0.2,0.456435643564,0.712871287129,3.56435643564,0.5,0.5,0.5,60,284,508,4.99190265487,"max(CPC最大最小比,浏览深度最大最小比)；仅使用至少2个正值"
4480,3,3,3,495403620；495817671；525368335,9628223555；9630806627；9811363528,25.5,18,23,2,1.21,1.334,1.458,1.20495867769,0,3,15,15,2,0.8,2.23333333333,3.66666666667,4.58333333333,0.5,0.70455,0.9091,34,315,596,4.58333333333,"max(CPC最大最小比,浏览深度最大最小比)；仅使用至少2个正值"
2397,3,1,3,63563817,2526158329；4190988309；4190988310,10.32,8,60,2,1.13,1.23666666667,1.34333333333,1.18879056047,0,2,6,6,2,4,11,18,4.5,0.5,0.625,0.75,293,891.5,1490,4.5,"max(CPC最大最小比,浏览深度最大最小比)；仅使用至少2个正值"
4760,3,3,3,495403620；495817671；525368335,9628223555；9630806627；9811363528,2609.72,476,1400,2,1.3335,3.59837844037,5.86325688073,4.39689304892,0,40,436,436,2,2.9380733945,2.95653669725,2.975,1.01256830601,0.7647,0.76805,0.7714,242,254.5,267,4.39689304892,"max(CPC最大最小比,浏览深度最大最小比)；仅使用至少2个正值"
6159,2,2,2,495403620；495817671,9628223555；9630806627,2994.77,1923,1536,2,1.54535078534,2.43229077729,3.31923076923,2.14788176297,13,961.5,1910,1897,2,0.78167539267,2.04468385018,3.30769230769,4.23154206811,0.75,0.7881,0.8262,41,104.5,168,4.23154206811,"max(CPC最大最小比,浏览深度最大最小比)；仅使用至少2个正值"
3222,2,2,2,495403620；525368335,9628223555；9811363528,1178.16,173,338,2,1.65,4.2450872093,6.8401744186,4.1455602537,1,86.5,172,171,2,1,1.47965116279,1.95930232558,1.95930232558,0.7801,0.89005,1,2,73,144,4.1455602537,"max(CPC最大最小比,浏览深度最大最小比)；仅使用至少2个正值"
6229,2,2,2,495403620；525368335,9628223555；9811363528,20.55,18,69,2,1.13764705882,1.17382352941,1.21,1.06359875905,1,9,17,16,2,1,2.5,4,4,0.9333,0.96665,1,3,253,503,4,"max(CPC最大最小比,浏览深度最大最小比)；仅使用至少2个正值"
2547,2,2,2,495403620；525368335,9628223555；9811363528,2.82,3,6,2,0.65,0.8675,1.085,1.66923076923,1,1.5,2,1,2,1,2.5,4,4,0,0.5,1,3,50,97,4,"max(CPC最大最小比,浏览深度最大最小比)；仅使用至少2个正值"
5501,3,3,3,495403620；495817671；525368335,9628223555；9630806627；9811363528,0.74,2,2,2,0.15,0.37,0.59,3.93333333333,0,1,1,1,2,1,1,1,1,1,1,1,2,328,654,3.93333333333,"max(CPC最大最小比,浏览深度最大最小比)；仅使用至少2个正值"
2123,2,1,2,63563817,1841014603；4190988310,79.17,50,124,2,1.55,1.82833333333,2.10666666667,1.35913978495,3,25,47,44,2,0.666666666667,1.63120567376,2.59574468085,3.89361702128,0.75,0.875,1,8,128.5,249,3.89361702128,"max(CPC最大最小比,浏览深度最大最小比)；仅使用至少2个正值"
6372,2,2,2,495403620；525368335,9628223555；9811363528,12.98,16,18,2,0.671666666667,0.950833333333,1.23,1.83126550868,4,8,12,8,2,0.666666666667,1.58333333333,2.5,3.75,0.75,0.875,1,37,56.5,76,3.75,"max(CPC最大最小比,浏览深度最大最小比)；仅使用至少2个正值"
2093,3,3,3,495403620；495817671；525368335,9628223555；9630806627；9811363528,4.18,5,13,2,0.616666666667,0.890833333333,1.165,1.88918918919,0,2,3,3,2,1,2.33333333333,3.66666666667,3.66666666667,0.6667,0.83335,1,6,147.5,289,3.66666666667,"max(CPC最大最小比,浏览深度最大最小比)；仅使用至少2个正值"
5705,2,2,2,495403620；525368335,9628223555；9811363528,138.77,29,117,2,1.45333333333,3.31147435897,5.16961538462,3.55707480593,3,14.5,26,23,2,3.88461538462,4.60897435897,5.33333333333,1.37293729373,0.3333,0.44665,0.56,209,226,243,3.55707480593,"max(CPC最大最小比,浏览深度最大最小比)；仅使用至少2个正值"
4713,2,1,2,63563817,1841014603；4190988310,11.87,5,15,2,1.7975,3.23875,4.68,2.60361613352,1,2.5,4,3,2,2,4.5,7,3.5,0,0.25,0.5,31,154.5,278,3.5,"max(CPC最大最小比,浏览深度最大最小比)；仅使用至少2个正值"
3567,3,3,3,495403620；495817671；500635396,9628223555；9630806627；9657930100,72315.59,33903,66340,3,0.675,1.95122451357,2.31966059157,3.43653420974,2,16735,17166,17164,3,1,1.94233642068,1.97093090994,1.97093090994,0.6059,0.6115,1,25,175,185,3.43653420974,"max(CPC最大最小比,浏览深度最大最小比)；仅使用至少2个正值"
2541,2,2,2,495403620；495817671,9628223555；9630806627,23406.79,30621,90883,2,0.724684555236,1.59966601863,2.47464748201,3.41479263513,695,15310.5,29926,29231,2,2.92257568669,3.92315834694,4.92374100719,1.6847266025,0.4544,0.4759,0.4974,328,337,346,3.41479263513,"max(CPC最大最小比,浏览深度最大最小比)；仅使用至少2个正值"
2997,3,3,3,495403620；495817671；525368335,9628223555；9630806627；9811363528,221.15,155,250,3,0.71,0.985277777778,1.56754237288,2.20780615899,1,36,118,117,3,0.916666666667,1.81355932203,3,3.27272727273,0,0.7664,0.8571,37,55,108,3.27272727273,"max(CPC最大最小比,浏览深度最大最小比)；仅使用至少2个正值"
1164,2,2,2,495403620；495817671,9628223555；9630806627,255.64,213,447,2,1.18555,1.30546730769,1.42538461538,1.20229818682,13,106.5,200,187,2,1.845,3.9225,6,3.25203252033,0.4615,0.5035,0.5455,206,270.5,335,3.25203252033,"max(CPC最大最小比,浏览深度最大最小比)；仅使用至少2个正值"
4927,2,2,2,495403620；495817671,9628223555；9630806627,172.14,53,68,2,1.29823529412,2.73342320261,4.16861111111,3.21098273171,17,26.5,36,19,2,1.25,1.30147058824,1.35294117647,1.08235294118,0.72,0.76,0.8,61,127,193,3.21098273171,"max(CPC最大最小比,浏览深度最大最小比)；仅使用至少2个正值"
2533,2,2,2,495817671；500635396,9630806627；9657930100,192244.35,79015,172923,2,0.993817267737,1.94907648777,2.90433570781,2.92240415023,19493,39507.5,59522,40029,2,0.838813933207,1.73465175004,2.63048956688,3.1359631293,0.5621,0.6206,0.6791,148,185,222,3.1359631293,"max(CPC最大最小比,浏览深度最大最小比)；仅使用至少2个正值"
6366,2,2,2,495403620；525368335,9628223555；9811363528,21.06,22,44,2,0.934444444444,0.953760683761,0.973076923077,1.04134272386,9,11,13,4,2,0.888888888889,1.82905982906,2.76923076923,3.11538461538,0.6923,0.84615,1,32,56.5,81,3.11538461538,"max(CPC最大最小比,浏览深度最大最小比)；仅使用至少2个正值"
2586,2,2,2,495817671；525368335,9630806627；9811363528,1681.38,525,809,2,2.685,2.9448040153,3.20460803059,1.19352254398,2,262.5,523,521,2,0.5,1.0224665392,1.54493307839,3.08986615679,0.7976,0.8988,1,120,124.5,129,3.08986615679,"max(CPC最大最小比,浏览深度最大最小比)；仅使用至少2个正值"
5418,2,1,2,63563817,1841014603；4190988310,31.98,18,91,2,1.68,1.78875,1.8975,1.12946428571,8,9,10,2,2,2.7,5.35,8,2.96296296296,0.375,0.5875,0.8,104,401.5,699,2.96296296296,"max(CPC最大最小比,浏览深度最大最小比)；仅使用至少2个正值"
4331,2,2,2,495403620；495817671,9628223555；9630806627,27.83,28,32,2,0.843846153846,0.983923076923,1.124,1.33199635369,13,14,15,2,2,0.6,1.18461538462,1.76923076923,2.94871794872,0.9167,0.95835,1,48,105,162,2.94871794872,"max(CPC最大最小比,浏览深度最大最小比)；仅使用至少2个正值"
875,2,2,2,495403620；495817671,9628223555；9630806627,1095.09,1083,1315,2,0.993908918406,1.31609239024,1.63827586207,1.64831588864,29,541.5,1054,1025,2,1.15749525617,2.21667866257,3.27586206897,2.83013001696,0.72,0.7646,0.8092,149,230,311,2.83013001696,"max(CPC最大最小比,浏览深度最大最小比)；仅使用至少2个正值"
6510,2,2,2,495817671；525368335,9630806627；9811363528,47.02,30,159,2,0.945,1.27839285714,1.61178571429,1.70559334845,2,15,28,26,2,2,3.76785714286,5.53571428571,2.76785714286,0.3333,0.41665,0.5,26,271.5,517,2.76785714286,"max(CPC最大最小比,浏览深度最大最小比)；仅使用至少2个正值"
3575,3,3,3,495403620；495817671；525368335,9628223555；9630806627；9811363528,1574.66,312,1025,3,2.36549295775,3.6425,6.32710659898,2.67475182214,44,71,197,153,3,2.83098591549,3.22727272727,3.46192893401,1.22287041948,0.5,0.6,0.6395,291,316,370,2.67475182214,"max(CPC最大最小比,浏览深度最大最小比)；仅使用至少2个正值"
4807,2,2,2,495817671；525368335,9630806627；9811363528,2.96,5,15,2,0.31,0.48625,0.6625,2.13709677419,1,2.5,4,3,2,2.25,4.125,6,2.66666666667,0,0.33335,0.6667,27,72,117,2.66666666667,"max(CPC最大最小比,浏览深度最大最小比)；仅使用至少2个正值"
2534,2,2,2,495403620；525368335,9628223555；9811363528,18.86,18,31,2,0.86,1.01363636364,1.16727272727,1.35729386892,7,9,11,4,2,0.857142857143,1.56493506494,2.27272727273,2.65151515152,0.75,0.875,1,53,86,119,2.65151515152,"max(CPC最大最小比,浏览深度最大最小比)；仅使用至少2个正值"
4016,2,2,2,495403620；495817671,9628223555；9630806627,53.76,31,76,2,1.27,1.53648148148,1.80296296296,1.41965587635,4,15.5,27,23,2,2.03703703704,3.64351851852,5.25,2.57727272727,0.6522,0.7011,0.75,172,368.5,565,2.57727272727,"max(CPC最大最小比,浏览深度最大最小比)；仅使用至少2个正值"
33,2,2,2,495403620；525368335,9628223555；9811363528,203.48,96,169,2,0.955714285714,1.70059047619,2.44546666667,2.55878425511,21,48,75,54,2,0.952380952381,1.46952380952,1.98666666667,2.086,0.7288,0.83315,0.9375,40,74,108,2.55878425511,"max(CPC最大最小比,浏览深度最大最小比)；仅使用至少2个正值"
5134,2,1,2,63563817,1841014603；4190988310,237.24,177,897,2,1.30503875969,1.37012354651,1.43520833333,1.09974383724,48,88.5,129,81,2,2.39583333333,4.2289244186,6.06201550388,2.53023255814,0.6371,0.65575,0.6744,178,237,296,2.53023255814,"max(CPC最大最小比,浏览深度最大最小比)；仅使用至少2个正值"
5888,2,2,2,495403620；525368335,9628223555；9811363528,4.66,5,7,2,0.715,1.2575,1.8,2.51748251748,1,2.5,4,3,2,1,1.25,1.5,1.5,0.3333,0.66665,1,1,65.5,130,2.51748251748,"max(CPC最大最小比,浏览深度最大最小比)；仅使用至少2个正值"
6261,3,3,3,495403620；495817671；525368335,9628223555；9630806627；9811363528,19081.08,16451,13181,3,1.15409493014,2.3025,2.8475,2.46730136805,12,48,16391,16379,3,0.797876883656,1.16666666667,1.85416666667,2.32387565632,0.619,0.8333,0.8917,86,106,635,2.46730136805,"max(CPC最大最小比,浏览深度最大最小比)；仅使用至少2个正值"
3327,2,2,2,495403620；495817671,9628223555；9630806627,106.37,71,166,2,1.45327586207,1.57586870027,1.69846153846,1.16871241228,13,35.5,58,45,2,1.84482758621,3.19164456233,4.53846153846,2.46010064702,0.7,0.74585,0.7917,151,345,539,2.46010064702,"max(CPC最大最小比,浏览深度最大最小比)；仅使用至少2个正值"
4828,2,2,2,495403620；495817671,9628223555；9630806627,170.67,55,110,2,1.38125,2.38871010638,3.39617021277,2.4587657649,8,27.5,47,39,2,1.87234042553,2.31117021277,2.75,1.46875,0.5,0.64285,0.7857,199,200,201,2.4587657649,"max(CPC最大最小比,浏览深度最大最小比)；仅使用至少2个正值"
6133,2,2,2,495817671；500635396,9630806627；9657930100,78.43,42,100,2,1.04,1.474375,1.90875,1.83533653846,2,21,40,38,2,1,1.725,2.45,2.45,0.575,0.7875,1,120,146.5,173,2.45,"max(CPC最大最小比,浏览深度最大最小比)；仅使用至少2个正值"
2478,2,1,2,63563817,1841014603；4190988309,150.65,79,314,2,1.88240740741,1.9212037037,1.96,1.04121987211,25,39.5,54,29,2,2.74074074074,4.69037037037,6.64,2.4227027027,0.4737,0.60685,0.74,136,391,646,2.4227027027,"max(CPC最大最小比,浏览深度最大最小比)；仅使用至少2个正值"
4171,2,2,2,495403620；525368335,9628223555；9811363528,7.59,8,8,2,0.84,0.9125,0.985,1.17261904762,2,4,6,4,2,0.5,0.833333333333,1.16666666667,2.33333333333,0.75,0.875,1,8,133,258,2.33333333333,"max(CPC最大最小比,浏览深度最大最小比)；仅使用至少2个正值"
9,2,1,2,63563817,1841014603；4190988309,3458.48,3285,9821,2,1.04690003057,1.74023572957,2.43357142857,2.32454996419,14,1642.5,3271,3257,2,2.98073983491,4.02608420317,5.07142857143,1.7013992674,0.6109,0.6626,0.7143,196,293,390,2.32454996419,"max(CPC最大最小比,浏览深度最大最小比)；仅使用至少2个正值"
110,2,2,2,495817671；525368335,9630806627；9811363528,2839.66,1512,3465,2,1.5,1.68916611516,1.87833223031,1.25222148687,1,756,1511,1510,2,1,1.64626075447,2.29252150893,2.29252150893,0.2866,0.6433,1,120,284,448,2.29252150893,"max(CPC最大最小比,浏览深度最大最小比)；仅使用至少2个正值"
4718,3,3,3,495403620；495817671；525368335,9628223555；9630806627；9811363528,2596.07,814,1424,2,1.41,2.30073185732,3.19146371464,2.26344944301,0,1,813,813,1,1.75153751538,0.875768757688,1.75153751538,,0,0.36215,0.7243,0,61.5,123,2.26344944301,"max(CPC最大最小比,浏览深度最大最小比)；仅使用至少2个正值"
4637,2,2,2,495403620；525368335,9628223555；9811363528,9.23,14,12,2,0.522727272727,0.841363636364,1.16,2.21913043478,3,7,11,8,2,0.818181818182,0.909090909091,1,1.22222222222,1,1,1,54,82.5,111,2.21913043478,"max(CPC最大最小比,浏览深度最大最小比)；仅使用至少2个正值"
4606,2,2,2,495817671；525368335,9630806627；9811363528,147.32,52,93,2,1.3,2.08156862745,2.8631372549,2.202413273,1,26,51,50,1,1.82352941176,0.911764705882,1.82352941176,,0,0.36905,0.7381,0,50.5,101,2.202413273,"max(CPC最大最小比,浏览深度最大最小比)；仅使用至少2个正值"
5508,2,2,2,495403620；525368335,9628223555；9811363528,4.6,6,34,2,0.64,1.02,1.4,2.1875,1,3,5,4,1,6.8,3.4,6.8,,0,0.25,0.5,0,221,442,2.1875,"max(CPC最大最小比,浏览深度最大最小比)；仅使用至少2个正值"
6440,2,2,2,495403620；525368335,9628223555；9811363528,14.49,11,20,2,0.873333333333,1.17854166667,1.48375,1.69895038168,3,5.5,8,5,2,1,1.5625,2.125,2.125,0.875,0.9375,1,81,267,453,2.125,"max(CPC最大最小比,浏览深度最大最小比)；仅使用至少2个正值"
1257,2,2,2,495403620；525368335,9628223555；9811363528,212.69,165,242,2,0.61,0.951585365854,1.29317073171,2.11995201919,1,82.5,164,163,2,1,1.23475609756,1.46951219512,1.46951219512,0.5614,0.7807,1,120,232,344,2.11995201919,"max(CPC最大最小比,浏览深度最大最小比)；仅使用至少2个正值"
2996,3,3,3,495403620；495817671；525368335,9628223555；9630806627；9811363528,75.77,51,319,2,1,1.2477,1.4954,1.4954,0,1,50,50,2,3,4.66,6.32,2.10666666667,0,0.1346,0.2692,21,254,487,2.10666666667,"max(CPC最大最小比,浏览深度最大最小比)；仅使用至少2个正值"
2019,2,2,2,495817671；525368335,9630806627；9811363528,906.78,969,1189,2,0.935477178423,0.965738589212,0.996,1.06469727212,5,484.5,964,959,2,0.6,0.915145228216,1.23029045643,2.05048409405,0.7208,0.8604,1,42,104,166,2.05048409405,"max(CPC最大最小比,浏览深度最大最小比)；仅使用至少2个正值"
1437,2,2,2,495817671；525368335,9630806627；9811363528,20.59,22,44,2,0.91,0.923571428571,0.937142857143,1.02982731554,1,11,21,20,2,1,1.52380952381,2.04761904762,2.04761904762,0.75,0.875,1,2,45.5,89,2.04761904762,"max(CPC最大最小比,浏览深度最大最小比)；仅使用至少2个正值"
3769,2,2,2,495403620；525368335,9628223555；9811363528,5.92,9,15,2,0.413333333333,0.596666666667,0.78,1.88709677419,3,4.5,6,3,2,1,1.5,2,2,0.8,0.9,1,3,35,67,2,"max(CPC最大最小比,浏览深度最大最小比)；仅使用至少2个正值"
4251,2,2,2,495403620；525368335,9628223555；9811363528,3.7,5,2,2,0.6175,0.92375,1.23,1.99190283401,1,2.5,4,3,1,0.5,0.25,0.5,,0,0.5,1,0,45,90,1.99190283401,"max(CPC最大最小比,浏览深度最大最小比)；仅使用至少2个正值"
3304,2,1,2,63563817,1841014603；4190988310,24.96,16,32,2,1.536,1.55345454545,1.57090909091,1.02272727273,5,8,11,6,2,1.2,1.78181818182,2.36363636364,1.9696969697,0.75,0.7841,0.8182,50,67,84,1.9696969697,"max(CPC最大最小比,浏览深度最大最小比)；仅使用至少2个正值"
444,3,3,3,495403620；495817671；525368335,9628223555；9630806627；9811363528,11668.97,6940,62187,2,1.24396907216,1.46897831017,1.69398754818,1.36176018044,0,194,6746,6746,2,4.76804123711,6.92463728028,9.08123332345,1.90460461054,0.1014,0.1214,0.1414,551,574.5,598,1.90460461054,"max(CPC最大最小比,浏览深度最大最小比)；仅使用至少2个正值"
1666,2,2,2,495403620；495817671,9628223555；9630806627,45.04,31,57,2,1.355,1.43486842105,1.51473684211,1.11788696834,12,15.5,19,7,2,1.36842105263,1.97587719298,2.58333333333,1.88782051282,0.5,0.6,0.7,160,180.5,201,1.88782051282,"max(CPC最大最小比,浏览深度最大最小比)；仅使用至少2个正值"
235,3,3,3,495403620；495817671；525368335,9628223555；9630806627；9811363528,171.35,133,242,3,1.285,1.28958333333,1.29,1.00389105058,1,36,96,95,3,1,1.66666666667,1.88541666667,1.88541666667,0.7667,0.7952,1,2,161,196,1.88541666667,"max(CPC最大最小比,浏览深度最大最小比)；仅使用至少2个正值"
4048,2,1,2,63563817,1841014603；4190988310,12.2,10,72,2,1.17375,1.289375,1.405,1.19701810437,2,5,8,6,2,6.125,8.8125,11.5,1.87755102041,0,0.25,0.5,477,520,563,1.87755102041,"max(CPC最大最小比,浏览深度最大最小比)；仅使用至少2个正值"
5921,2,2,2,495403620；525368335,9628223555；9811363528,13.55,12,11,2,1.05272727273,1.51136363636,1.97,1.8713298791,1,6,11,10,1,1,0.5,1,,0,0.41665,0.8333,0,22,44,1.8713298791,"max(CPC最大最小比,浏览深度最大最小比)；仅使用至少2个正值"
3417,2,2,2,495403620；495817671,9628223555；9630806627,22.14,22,59,2,0.949375,1.05385416667,1.15833333333,1.2201009436,6,11,16,10,2,1.66666666667,2.36458333333,3.0625,1.8375,0.6,0.7,0.8,33,255.5,478,1.8375,"max(CPC最大最小比,浏览深度最大最小比)；仅使用至少2个正值"
2843,2,2,2,495403620；525368335,9628223555；9811363528,4274.73,5539,5683,2,0.759359234027,1.07713332072,1.39490740741,1.83695324282,108,2769.5,5431,5323,2,1.020438225,1.16299689028,1.30555555556,1.27940675248,0.7917,0.80285,0.814,117,120,123,1.83695324282,"max(CPC最大最小比,浏览深度最大最小比)；仅使用至少2个正值"
4158,3,3,3,495403620；495817671；525368335,9628223555；9630806627；9811363528,52.67,44,69,3,0.872307692308,1.305,1.59666666667,1.83039388595,3,13,28,25,3,1,1.30769230769,1.75,1.75,0.6667,0.92,1,98,301,312,1.83039388595,"max(CPC最大最小比,浏览深度最大最小比)；仅使用至少2个正值"
4827,2,1,2,63563817,1841014603；4190988310,110.5,68,220,2,1.57967213115,1.79983606557,2.02,1.27874636779,7,34,61,54,2,1.85714285714,2.62529274005,3.39344262295,1.82723833544,0.6667,0.6882,0.7097,255,255.5,256,1.82723833544,"max(CPC最大最小比,浏览深度最大最小比)；仅使用至少2个正值"
2955,2,2,2,495403620；525368335,9628223555；9811363528,5.91,8,8,2,0.564,0.797,1.03,1.82624113475,3,4,5,2,2,1,1,1,1,1,1,1,3,23,43,1.82624113475,"max(CPC最大最小比,浏览深度最大最小比)；仅使用至少2个正值"
2505,2,1,2,63563817,1841014603；4190988310,19.82,10,24,2,1.70875,2.391875,3.075,1.79956108266,2,5,8,6,2,2.125,2.8125,3.5,1.64705882353,0,0.4375,0.875,85,113.5,142,1.79956108266,"max(CPC最大最小比,浏览深度最大最小比)；仅使用至少2个正值"
5374,2,1,2,63563817,1841014603；4190988309,112.04,54,77,2,1.47384615385,2.05335164835,2.63285714286,1.78638532657,26,27,28,2,2,1.26923076923,1.42032967033,1.57142857143,1.2380952381,0.75,0.76975,0.7895,75,114,153,1.78638532657,"max(CPC最大最小比,浏览深度最大最小比)；仅使用至少2个正值"
2892,3,2,3,495817671；63563817,1841014603；4190988310；9630806627,179.02,122,229,2,1.42548076923,1.56746260684,1.70944444444,1.19920554619,0,18,104,104,2,1.68269230769,2.34134615385,3,1.78285714286,0.6842,0.7521,0.82,119,129.5,140,1.78285714286,"max(CPC最大最小比,浏览深度最大最小比)；仅使用至少2个正值"
1719,2,2,2,495403620；525368335,9628223555；9811363528,54.62,72,103,2,0.747575757576,0.813787878788,0.88,1.17713822456,6,36,66,60,2,0.833333333333,1.15909090909,1.48484848485,1.78181818182,0.7381,0.86905,1,79,96.5,114,1.78181818182,"max(CPC最大最小比,浏览深度最大最小比)；仅使用至少2个正值"
5313,2,2,2,495403620；525368335,9628223555；9811363528,12.53,19,33,2,0.646666666667,0.768333333333,0.89,1.37628865979,1,9.5,18,17,2,1,1.38888888889,1.77777777778,1.77777777778,0.7857,0.89285,1,0,85.5,171,1.77777777778,"max(CPC最大最小比,浏览深度最大最小比)；仅使用至少2个正值"
3416,2,2,2,495403620；495817671,9628223555；9630806627,14.91,11,11,2,1.3425,1.36625,1.39,1.03538175047,3,5.5,8,5,2,0.666666666667,0.895833333333,1.125,1.6875,0.875,0.9375,1,92,106,120,1.6875,"max(CPC最大最小比,浏览深度最大最小比)；仅使用至少2个正值"
3501,2,1,2,63563817,1841014603；4190988310,14.5,9,40,2,1.01,1.348125,1.68625,1.66955445545,1,4.5,8,7,1,5,2.5,5,,0,0.375,0.75,0,180.5,361,1.66955445545,"max(CPC最大最小比,浏览深度最大最小比)；仅使用至少2个正值"
2043,2,2,2,495403620；525368335,9628223555；9811363528,4.27,4,0,2,0.815,1.0675,1.32,1.61963190184,2,2,2,0,0,,0,0,,0,0,0,0,0,0,1.61963190184,"max(CPC最大最小比,浏览深度最大最小比)；仅使用至少2个正值"
2985,2,1,2,63563817,1841014603；4190988310,1924.54,1292,2182,2,1.48768282662,1.50404141331,1.5204,1.02199203539,75,646,1217,1142,2,1.63105998357,2.12886332512,2.62666666667,1.61040470193,0.6901,0.78645,0.8828,84,124,164,1.61040470193,"max(CPC最大最小比,浏览深度最大最小比)；仅使用至少2个正值"
2854,2,2,2,495403620；525368335,9628223555；9811363528,13.72,13,14,2,0.805,1.0375,1.27,1.57763975155,6,6.5,7,1,2,0.833333333333,1.05952380952,1.28571428571,1.54285714286,0.6667,0.83335,1,57,90,123,1.57763975155,"max(CPC最大最小比,浏览深度最大最小比)；仅使用至少2个正值"
5767,2,2,2,495403620；495817671,9628223555；9630806627,28.84,20,20,2,1.33285714286,1.51476190476,1.69666666667,1.27295462665,6,10,14,8,2,0.857142857143,1.09523809524,1.33333333333,1.55555555556,0.8571,0.8831,0.9091,23,35.5,48,1.55555555556,"max(CPC最大最小比,浏览深度最大最小比)；仅使用至少2个正值"
6325,2,1,2,63563817,1841014603；4190988310,101.66,73,131,2,1.30484375,1.66075520833,2.01666666667,1.5455234902,9,36.5,64,55,2,1.44444444444,1.64409722222,1.84375,1.27644230769,0.75,0.83265,0.9153,41,67.5,94,1.5455234902,"max(CPC最大最小比,浏览深度最大最小比)；仅使用至少2个正值"
6383,2,2,2,495403620；525368335,9628223555；9811363528,7.55,11,9,2,0.54,0.674166666667,0.808333333333,1.49691358025,5,5.5,6,1,2,0.8,0.816666666667,0.833333333333,1.04166666667,1,1,1,2,47,92,1.49691358025,"max(CPC最大最小比,浏览深度最大最小比)；仅使用至少2个正值"
2633,3,3,3,495403620；495817671；525368335,9628223555；9630806627；9811363528,937.84,811,1403,2,1.14124837451,1.28752894916,1.43380952381,1.25635186505,0,42,769,769,2,1.68790637191,2.09395318596,2.5,1.4811248074,0.6834,0.7205,0.7576,212,232,252,1.4811248074,"max(CPC最大最小比,浏览深度最大最小比)；仅使用至少2个正值"
4529,2,2,2,495403620；525368335,9628223555；9811363528,9.99,9,7,2,0.81,1.00285714286,1.19571428571,1.47619047619,2,4.5,7,5,2,0.714285714286,0.857142857143,1,1.4,1,1,1,2,37.5,73,1.47619047619,"max(CPC最大最小比,浏览深度最大最小比)；仅使用至少2个正值"
1092,2,2,2,495403620；495817671,9628223555；9630806627,28.67,29,52,2,0.942692307692,1.16467948718,1.38666666667,1.47096423229,3,14.5,26,23,2,1.76923076923,1.88461538462,2,1.13043478261,0.6667,0.77085,0.875,251,290,329,1.47096423229,"max(CPC最大最小比,浏览深度最大最小比)；仅使用至少2个正值"
6250,3,3,3,495403620；495817671；525368335,9628223555；9630806627；9811363528,4.47,4,4,2,1,1.235,1.47,1.47,0,1,3,3,2,1,1,1,1,1,1,1,10,45,80,1.47,"max(CPC最大最小比,浏览深度最大最小比)；仅使用至少2个正值"
1186,2,1,2,63563817,1841014603；4190988310,56.86,40,58,2,1.41205128205,1.60102564103,1.79,1.26765934265,1,20,39,38,2,1,1.23076923077,1.46153846154,1.46153846154,0.8974,0.9487,1,13,79.5,146,1.46153846154,"max(CPC最大最小比,浏览深度最大最小比)；仅使用至少2个正值"
4479,2,2,2,495403620；525368335,9628223555；9811363528,25.66,29,29,2,0.878095238095,0.890297619048,0.9025,1.02779284165,8,14.5,21,13,2,0.75,0.922619047619,1.09523809524,1.46031746032,0.9444,0.9722,1,52,52.5,53,1.46031746032,"max(CPC最大最小比,浏览深度最大最小比)；仅使用至少2个正值"
3169,2,1,2,63563817,1841014603；4190988310,1053.19,678,981,2,1.415,1.48459940653,1.55419881306,1.09837371947,4,339,674,670,2,1,1.22477744807,1.44955489614,1.44955489614,0.8812,0.9406,1,7,35.5,64,1.44955489614,"max(CPC最大最小比,浏览深度最大最小比)；仅使用至少2个正值"
6083,2,1,2,63563817,1841014603；4190988309,149.85,92,363,2,1.430625,1.55057565789,1.67052631579,1.16768986687,16,46,76,60,2,3.67105263158,4.46052631579,5.25,1.43010752688,0.4375,0.5214,0.6053,197,284,371,1.43010752688,"max(CPC最大最小比,浏览深度最大最小比)；仅使用至少2个正值"
4762,2,2,2,495403620；495817671,9628223555；9630806627,4.11,9,6,2,0.448571428571,0.466785714286,0.485,1.08121019108,2,4.5,7,5,2,0.5,0.607142857143,0.714285714286,1.42857142857,1,1,1,2,147.5,293,1.42857142857,"max(CPC最大最小比,浏览深度最大最小比)；仅使用至少2个正值"
2432,2,2,2,495403620；495817671,9628223555；9630806627,6.56,6,7,2,0.903333333333,1.09333333333,1.28333333333,1.42066420664,3,3,3,0,2,1,1.16666666667,1.33333333333,1.33333333333,1,1,1,8,23,38,1.42066420664,"max(CPC最大最小比,浏览深度最大最小比)；仅使用至少2个正值"
5592,2,1,2,63563817,1841014603；4190988310,35.29,21,21,2,1.65764705882,1.71757352941,1.7775,1.07230305181,4,10.5,17,13,2,0.75,0.904411764706,1.05882352941,1.41176470588,0.9375,0.96875,1,7,20.5,34,1.41176470588,"max(CPC最大最小比,浏览深度最大最小比)；仅使用至少2个正值"
6157,2,2,2,495403620；495817671,9628223555；9630806627,10.81,10,25,2,0.964285714286,1.15880952381,1.35333333333,1.40345679012,3,5,7,4,2,2.42857142857,2.54761904762,2.66666666667,1.09803921569,0.6,0.63335,0.6667,72,219,366,1.40345679012,"max(CPC最大最小比,浏览深度最大最小比)；仅使用至少2个正值"
6504,2,2,2,495403620；495817671,9628223555；9630806627,306.27,162,264,2,1.41230769231,1.69714649321,1.98198529412,1.40336649366,26,81,136,110,2,1.55882352941,1.77941176471,2,1.28301886792,0.7619,0.78795,0.814,134,159,184,1.40336649366,"max(CPC最大最小比,浏览深度最大最小比)；仅使用至少2个正值"
1241,3,3,3,495403620；495817671；525368335,9628223555；9630806627；9811363528,27.91,27,77,2,0.7725,0.925815217391,1.07913043478,1.39693260166,0,4,23,23,2,2.5,2.70652173913,2.91304347826,1.1652173913,0.65,0.7,0.75,177,319.5,462,1.39693260166,"max(CPC最大最小比,浏览深度最大最小比)；仅使用至少2个正值"
5721,3,3,3,495403620；495817671；525368335,9628223555；9630806627；9811363528,25.98,22,29,2,1.15388888889,1.22819444444,1.3025,1.12879152624,0,4,18,18,2,1,1.19444444444,1.38888888889,1.38888888889,0.9444,0.9722,1,6,78,150,1.38888888889,"max(CPC最大最小比,浏览深度最大最小比)；仅使用至少2个正值"
3587,2,2,2,495817671；500635396,9630806627；9657930100,1338.51,838,1567,2,1.17166666667,1.38600160256,1.60033653846,1.36586333297,6,419,832,826,2,1.83333333333,1.85176282051,1.87019230769,1.0201048951,0.3333,0.45965,0.586,77,111,145,1.36586333297,"max(CPC最大最小比,浏览深度最大最小比)；仅使用至少2个正值"
6617,2,2,2,495403620；495817671,9628223555；9630806627,336.08,249,320,2,1.33726890756,1.47817990833,1.61909090909,1.21074445082,11,124.5,238,227,2,1.26470588235,1.49598930481,1.72727272727,1.36575052854,0.7,0.779,0.858,99,211.5,324,1.36575052854,"max(CPC最大最小比,浏览深度最大最小比)；仅使用至少2个正值"
2919,2,2,2,495403620；525368335,9628223555；9811363528,98.81,119,119,2,0.633076923077,0.743802612482,0.854528301887,1.34980169192,13,59.5,106,93,2,0.981132075472,1.06748911466,1.15384615385,1.17603550296,0.8182,0.86305,0.9079,95,165,235,1.34980169192,"max(CPC最大最小比,浏览深度最大最小比)；仅使用至少2个正值"
4002,2,2,2,495403620；495817671,9628223555；9630806627,221.2,167,447,2,1.29973333333,1.42163137255,1.54352941176,1.18757392165,17,83.5,150,133,2,2.58666666667,3.02862745098,3.47058823529,1.34172225591,0.68,0.715,0.75,288,304.5,321,1.34172225591,"max(CPC最大最小比,浏览深度最大最小比)；仅使用至少2个正值"
2889,2,1,2,63563817,1841014603；4190988310,15.89,9,7,2,1.75,1.82,1.89,1.08,1,4.5,8,7,2,0.75,0.875,1,1.33333333333,1,1,1,20,20.5,21,1.33333333333,"max(CPC最大最小比,浏览深度最大最小比)；仅使用至少2个正值"
4931,3,3,3,495403620；495817671；525368335,9628223555；9630806627；9811363528,2.43,5,3,2,0.405,0.4725,0.54,1.33333333333,0,2,3,3,2,0.5,0.583333333333,0.666666666667,1.33333333333,1,1,1,1,31.5,62,1.33333333333,"max(CPC最大最小比,浏览深度最大最小比)；仅使用至少2个正值"
2855,3,3,3,495403620；495817671；525368335,9628223555；9630806627；9811363528,67.43,84,85,3,0.769272727273,0.838888888889,0.910909090909,1.18411722997,11,18,55,44,3,0.833333333333,0.909090909091,1.09090909091,1.30909090909,0.8444,1,1,60,92,120,1.30909090909,"max(CPC最大最小比,浏览深度最大最小比)；仅使用至少2个正值"
6360,2,2,2,495403620；495817671,9628223555；9630806627,42720.89,25029,52431,2,1.61230769231,1.84024458012,2.06818146793,1.28274613946,5191,12514.5,19838,14647,2,1.97388849682,2.26540697236,2.55692544789,1.29537481575,0.6224,0.65515,0.6879,230,251.5,273,1.29537481575,"max(CPC最大最小比,浏览深度最大最小比)；仅使用至少2个正值"
6352,2,1,2,63563817,1841014603；4190988310,131.24,78,450,2,1.67071428571,1.6835515873,1.69638888889,1.01536744098,36,39,42,6,2,5.02777777778,5.71626984127,6.40476190476,1.27387529597,0.375,0.4018,0.4286,387,395.5,404,1.27387529597,"max(CPC最大最小比,浏览深度最大最小比)；仅使用至少2个正值"
4189,3,3,3,495403620；495817671；525368335,9628223555；9630806627；9811363528,28.27,23,47,2,1.10625,1.20045833333,1.29466666667,1.17032015066,0,8,15,15,2,1.86666666667,2.12083333333,2.375,1.27232142857,0.3333,0.5,0.6667,57,67,77,1.27232142857,"max(CPC最大最小比,浏览深度最大最小比)；仅使用至少2个正值"
4675,2,1,2,63563817,1841014603；4190988310,23.99,17,64,2,1.40875,1.429375,1.45,1.02928127773,1,8.5,16,15,2,3,3.40625,3.8125,1.27083333333,0,0.35295,0.7059,42,107,172,1.27083333333,"max(CPC最大最小比,浏览深度最大最小比)；仅使用至少2个正值"
6542,2,2,2,495403620；525368335,9628223555；9811363528,10.46,13,9,2,0.758,0.859,0.96,1.26649076517,3,6.5,10,7,2,0.666666666667,0.683333333333,0.7,1.05,1,1,1,28,265,502,1.26649076517,"max(CPC最大最小比,浏览深度最大最小比)；仅使用至少2个正值"
5267,2,1,2,63563817,1841014603；4190988310,114.32,85,187,2,1.33686746988,1.50843373494,1.68,1.25666906994,2,42.5,83,81,2,2,2.10240963855,2.20481927711,1.10240963855,0.5,0.6607,0.8214,133,150,167,1.25666906994,"max(CPC最大最小比,浏览深度最大最小比)；仅使用至少2个正值"
5795,2,2,2,495403620；495817671,9628223555；9630806627,33.25,32,31,2,1.03096774194,1.16048387097,1.29,1.25125156446,1,16,31,30,2,0.967741935484,0.983870967742,1,1.03333333333,0.9231,0.96155,1,1,60,119,1.25125156446,"max(CPC最大最小比,浏览深度最大最小比)；仅使用至少2个正值"
1314,2,2,2,495403620；495817671,9628223555；9630806627,38.08,28,42,2,1.20416666667,1.34052083333,1.476875,1.22647058824,12,14,16,4,2,1.5,1.5,1.5,1,0.6364,0.7413,0.8462,53,100.5,148,1.22647058824,"max(CPC最大最小比,浏览深度最大最小比)；仅使用至少2个正值"
1667,2,1,2,63563817,1841014603；4190988310,181.67,94,206,2,1.76566037736,1.95709848136,2.14853658537,1.21684589682,41,47,53,12,2,2.09756097561,2.1808559595,2.2641509434,1.0794207986,0.8333,0.85785,0.8824,49,75,101,1.21684589682,"max(CPC最大最小比,浏览深度最大最小比)；仅使用至少2个正值"
2113,2,2,2,495403620；525368335,9628223555；9811363528,99.48,101,106,2,0.969130434783,0.994096467391,1.0190625,1.05152254374,32,50.5,69,37,2,0.985507246377,1.08650362319,1.1875,1.20496323529,0.875,0.8763,0.8776,45,95,145,1.20496323529,"max(CPC最大最小比,浏览深度最大最小比)；仅使用至少2个正值"
4773,2,1,2,63563817,1841014603；4190988310,258.37,138,213,2,1.69161290323,1.80809617124,1.92457943925,1.13771858537,31,69,107,76,2,1.35483870968,1.4764847754,1.59813084112,1.17957276368,0.8621,0.89345,0.9248,48,53,58,1.17957276368,"max(CPC最大最小比,浏览深度最大最小比)；仅使用至少2个正值"
735,2,2,2,495817671；525368335,9630806627；9811363528,41.54,44,46,2,0.865238095238,0.94066252588,1.01608695652,1.17434375823,21,22,23,2,2,1.04347826087,1.04554865424,1.04761904762,1.00396825397,0.7692,0.80125,0.8333,87,174,261,1.17434375823,"max(CPC最大最小比,浏览深度最大最小比)；仅使用至少2个正值"
3732,2,1,2,63563817,1841014603；4190988310,78.02,54,55,2,1.41136363636,1.50168181818,1.592,1.12798711755,10,27,44,34,2,1,1.05,1.1,1.1,0.9,0.9,0.9,22,25.5,29,1.12798711755,"max(CPC最大最小比,浏览深度最大最小比)；仅使用至少2个正值"
1318,3,3,3,495403620；495817671；525368335,9628223555；9630806627；9811363528,1603.58,1527,1641,2,0.960642570281,1.01411627732,1.06758998435,1.11132903889,0,249,1278,1278,2,0.983935742972,1.03813375568,1.09233176839,1.11016575644,0.8079,0.82365,0.8394,91,110.5,130,1.11132903889,"max(CPC最大最小比,浏览深度最大最小比)；仅使用至少2个正值"
5395,2,2,2,495403620；525368335,9628223555；9811363528,5.08,4,1,2,1.19,1.24333333333,1.29666666667,1.08963585434,1,2,3,2,1,0.333333333333,0.166666666667,0.333333333333,,0,0.5,1,0,7,14,1.08963585434,"max(CPC最大最小比,浏览深度最大最小比)；仅使用至少2个正值"
5406,3,3,3,495403620；495817671；525368335,9628223555；9630806627；9811363528,7.3,9,5,2,0.805,0.8325,0.86,1.06832298137,0,1,8,8,1,0.625,0.3125,0.625,,0,0.5,1,0,38.5,77,1.06832298137,"max(CPC最大最小比,浏览深度最大最小比)；仅使用至少2个正值"
1567,2,1,2,63563817,1841014603；4190988310,404.72,261,889,2,1.54369747899,1.58315308732,1.62260869565,1.05111831673,23,130.5,238,215,2,3.34782608696,3.37979539642,3.41176470588,1.01909854851,0.6957,0.69765,0.6996,187,197.5,208,1.05111831673,"max(CPC最大最小比,浏览深度最大最小比)；仅使用至少2个正值"
3352,2,2,2,495403620；525368335,9628223555；9811363528,41.68,30,30,2,1.33666666667,1.36592592593,1.39518518519,1.04377944029,3,15,27,24,2,1,1,1,1,0.9524,0.9762,1,81,101.5,122,1.04377944029,"max(CPC最大最小比,浏览深度最大最小比)；仅使用至少2个正值"
154,2,2,2,495403620；525368335,9628223555；9811363528,52.15,73,55,2,0.713661971831,0.726830985915,0.74,1.03690546675,2,36.5,71,69,1,0.774647887324,0.387323943662,0.774647887324,,0,0.48075,0.9615,0,47,94,1.03690546675,"max(CPC最大最小比,浏览深度最大最小比)；仅使用至少2个正值"
6152,2,2,2,495403620；525368335,9628223555；9811363528,14.45,18,16,2,0.795555555556,0.802777777778,0.81,1.01815642458,9,9,9,0,2,0.888888888889,0.888888888889,0.888888888889,1,0.8571,0.92855,1,33,221.5,410,1.01815642458,"max(CPC最大最小比,浏览深度最大最小比)；仅使用至少2个正值"
2742,2,2,2,495403620；525368335,9628223555；9811363528,2201.88,6284,4228,1,0.350394653087,0.350394653087,0.350394653087,,0,3142,6284,6284,1,0.672819859962,0.672819859962,0.672819859962,,0.9227,0.9227,0.9227,58,58,58,,"max(CPC最大最小比,浏览深度最大最小比)；仅使用至少2个正值"
5460,2,2,2,495403620；525368335,9628223555；9811363528,9272.73,2590,5678,1,3.5802046332,3.5802046332,3.5802046332,,0,1295,2590,2590,1,2.19227799228,2.19227799228,2.19227799228,,0.697,0.697,0.697,171,171,171,,"max(CPC最大最小比,浏览深度最大最小比)；仅使用至少2个正值"
6607,2,2,2,495817671；525368335,9630806627；9811363528,2674.93,1735,2223,1,1.54174639769,1.54174639769,1.54174639769,,0,867.5,1735,1735,1,1.28126801153,1.28126801153,1.28126801153,,0.6209,0.6209,0.6209,240,240,240,,"max(CPC最大最小比,浏览深度最大最小比)；仅使用至少2个正值"
665,3,3,3,495403620；495817671；525368335,9628223555；9630806627；9811363528,893.04,602,734,1,1.4834551495,1.4834551495,1.4834551495,,0,0,602,602,1,1.21926910299,1.21926910299,1.21926910299,,0.7539,0.7539,0.7539,174,174,174,,"max(CPC最大最小比,浏览深度最大最小比)；仅使用至少2个正值"
5964,3,3,3,495403620；495817671；525368335,9628223555；9630806627；9811363528,1774.21,550,790,1,3.22583636364,3.22583636364,3.22583636364,,0,0,550,550,1,1.43636363636,1.43636363636,1.43636363636,,0.8364,0.8364,0.8364,111,111,111,,"max(CPC最大最小比,浏览深度最大最小比)；仅使用至少2个正值"
3374,2,2,2,495403620；495817671,9628223555；9630806627,2398.88,445,3848,1,5.39074157303,5.39074157303,5.39074157303,,0,222.5,445,445,1,8.64719101124,8.64719101124,8.64719101124,,0.2606,0.2606,0.2606,480,480,480,,"max(CPC最大最小比,浏览深度最大最小比)；仅使用至少2个正值"
4025,2,2,2,495817671；525368335,9630806627；9811363528,4371.61,319,1051,1,13.7041065831,13.7041065831,13.7041065831,,0,159.5,319,319,1,3.29467084639,3.29467084639,3.29467084639,,0.5397,0.5397,0.5397,264,264,264,,"max(CPC最大最小比,浏览深度最大最小比)；仅使用至少2个正值"
3393,2,2,2,495403620；495817671,9628223555；9630806627,298.34,124,269,1,2.40596774194,2.40596774194,2.40596774194,,0,62,124,124,1,2.16935483871,2.16935483871,2.16935483871,,0.7182,0.7182,0.7182,103,103,103,,"max(CPC最大最小比,浏览深度最大最小比)；仅使用至少2个正值"
6500,2,2,2,495403620；495817671,9628223555；9630806627,116.38,82,350,1,1.41926829268,1.41926829268,1.41926829268,,0,41,82,82,1,4.26829268293,4.26829268293,4.26829268293,,0.4595,0.4595,0.4595,252,252,252,,"max(CPC最大最小比,浏览深度最大最小比)；仅使用至少2个正值"
5330,2,1,2,63563817,1841014603；4190988310,121.6,77,649,1,1.57922077922,1.57922077922,1.57922077922,,0,38.5,77,77,1,8.42857142857,8.42857142857,8.42857142857,,0.4861,0.4861,0.4861,767,767,767,,"max(CPC最大最小比,浏览深度最大最小比)；仅使用至少2个正值"
4832,3,3,3,495403620；495817671；525368335,9628223555；9630806627；9811363528,171.45,73,180,1,2.34863013699,2.34863013699,2.34863013699,,0,0,73,73,1,2.46575342466,2.46575342466,2.46575342466,,0.7231,0.7231,0.7231,162,162,162,,"max(CPC最大最小比,浏览深度最大最小比)；仅使用至少2个正值"
433,2,2,2,495403620；525368335,9628223555；9811363528,438.82,72,332,1,6.09472222222,6.09472222222,6.09472222222,,0,36,72,72,1,4.61111111111,4.61111111111,4.61111111111,,0.4746,0.4746,0.4746,375,375,375,,"max(CPC最大最小比,浏览深度最大最小比)；仅使用至少2个正值"
1735,2,2,2,495403620；525368335,9628223555；9811363528,62.35,65,76,1,0.959230769231,0.959230769231,0.959230769231,,0,32.5,65,65,1,1.16923076923,1.16923076923,1.16923076923,,0.8718,0.8718,0.8718,170,170,170,,"max(CPC最大最小比,浏览深度最大最小比)；仅使用至少2个正值"
3008,2,2,2,495403620；495817671,9628223555；9630806627,45.41,54,204,1,0.840925925926,0.840925925926,0.840925925926,,0,27,54,54,1,3.77777777778,3.77777777778,3.77777777778,,0.6042,0.6042,0.6042,319,319,319,,"max(CPC最大最小比,浏览深度最大最小比)；仅使用至少2个正值"
5486,2,2,2,495403620；495817671,9628223555；9630806627,1121.76,52,93,1,21.5723076923,21.5723076923,21.5723076923,,0,26,52,52,1,1.78846153846,1.78846153846,1.78846153846,,0.7955,0.7955,0.7955,234,234,234,,"max(CPC最大最小比,浏览深度最大最小比)；仅使用至少2个正值"
270,2,2,2,495403620；525368335,9628223555；9811363528,263.36,50,167,1,5.2672,5.2672,5.2672,,0,25,50,50,1,3.34,3.34,3.34,,0.6512,0.6512,0.6512,163,163,163,,"max(CPC最大最小比,浏览深度最大最小比)；仅使用至少2个正值"
2226,2,2,2,495403620；525368335,9628223555；9811363528,43.74,46,78,1,0.950869565217,0.950869565217,0.950869565217,,0,23,46,46,1,1.69565217391,1.69565217391,1.69565217391,,0.7714,0.7714,0.7714,178,178,178,,"max(CPC最大最小比,浏览深度最大最小比)；仅使用至少2个正值"
5010,2,1,2,63563817,1841014603；4190988310,63.52,44,78,1,1.44363636364,1.44363636364,1.44363636364,,0,22,44,44,1,1.77272727273,1.77272727273,1.77272727273,,0.8444,0.8444,0.8444,114,114,114,,"max(CPC最大最小比,浏览深度最大最小比)；仅使用至少2个正值"
5696,2,2,2,495403620；495817671,9628223555；9630806627,54.85,41,39,1,1.33780487805,1.33780487805,1.33780487805,,0,20.5,41,41,1,0.951219512195,0.951219512195,0.951219512195,,0.9375,0.9375,0.9375,76,76,76,,"max(CPC最大最小比,浏览深度最大最小比)；仅使用至少2个正值"
625,2,2,2,495817671；525368335,9630806627；9811363528,33.59,37,30,1,0.907837837838,0.907837837838,0.907837837838,,0,18.5,37,37,1,0.810810810811,0.810810810811,0.810810810811,,0.84,0.84,0.84,96,96,96,,"max(CPC最大最小比,浏览深度最大最小比)；仅使用至少2个正值"
640,2,2,2,495817671；525368335,9630806627；9811363528,432.45,35,165,1,12.3557142857,12.3557142857,12.3557142857,,0,17.5,35,35,1,4.71428571429,4.71428571429,4.71428571429,,0.3871,0.3871,0.3871,337,337,337,,"max(CPC最大最小比,浏览深度最大最小比)；仅使用至少2个正值"
770,3,1,3,63563817,1841014603；2526158329；4190988309,41.28,30,49,1,1.376,1.376,1.376,,0,0,30,30,1,1.63333333333,1.63333333333,1.63333333333,,0.75,0.75,0.75,107,107,107,,"max(CPC最大最小比,浏览深度最大最小比)；仅使用至少2个正值"
5661,3,3,3,495403620；495817671；525368335,9628223555；9630806627；9811363528,33.08,29,27,1,1.14068965517,1.14068965517,1.14068965517,,0,0,29,29,1,0.931034482759,0.931034482759,0.931034482759,,0.8947,0.8947,0.8947,100,100,100,,"max(CPC最大最小比,浏览深度最大最小比)；仅使用至少2个正值"
3936,2,2,2,495817671；525368335,9630806627；9811363528,155.23,28,51,1,5.54392857143,5.54392857143,5.54392857143,,0,14,28,28,1,1.82142857143,1.82142857143,1.82142857143,,0.8696,0.8696,0.8696,72,72,72,,"max(CPC最大最小比,浏览深度最大最小比)；仅使用至少2个正值"
469,2,2,2,495403620；525368335,9628223555；9811363528,124.59,25,119,1,4.9836,4.9836,4.9836,,0,12.5,25,25,1,4.76,4.76,4.76,,0.7143,0.7143,0.7143,438,438,438,,"max(CPC最大最小比,浏览深度最大最小比)；仅使用至少2个正值"
6162,2,2,2,495403620；525368335,9628223555；9811363528,121.83,24,24,1,5.07625,5.07625,5.07625,,0,12,24,24,1,1,1,1,,0.9048,0.9048,0.9048,45,45,45,,"max(CPC最大最小比,浏览深度最大最小比)；仅使用至少2个正值"
2371,2,2,2,495403620；525368335,9628223555；9811363528,20.29,22,81,1,0.922272727273,0.922272727273,0.922272727273,,0,11,22,22,1,3.68181818182,3.68181818182,3.68181818182,,0.5294,0.5294,0.5294,209,209,209,,"max(CPC最大最小比,浏览深度最大最小比)；仅使用至少2个正值"
751,2,2,2,495403620；525368335,9628223555；9811363528,118.97,21,76,1,5.66523809524,5.66523809524,5.66523809524,,0,10.5,21,21,1,3.61904761905,3.61904761905,3.61904761905,,0.5294,0.5294,0.5294,589,589,589,,"max(CPC最大最小比,浏览深度最大最小比)；仅使用至少2个正值"
1660,2,2,2,495403620；525368335,9628223555；9811363528,24.25,18,38,1,1.34722222222,1.34722222222,1.34722222222,,0,9,18,18,1,2.11111111111,2.11111111111,2.11111111111,,0.6667,0.6667,0.6667,282,282,282,,"max(CPC最大最小比,浏览深度最大最小比)；仅使用至少2个正值"
4949,2,2,2,495403620；495817671,9628223555；9630806627,21.56,17,16,1,1.26823529412,1.26823529412,1.26823529412,,0,8.5,17,17,1,0.941176470588,0.941176470588,0.941176470588,,0.9286,0.9286,0.9286,59,59,59,,"max(CPC最大最小比,浏览深度最大最小比)；仅使用至少2个正值"
5306,2,2,2,495403620；525368335,9628223555；9811363528,13.59,17,10,1,0.799411764706,0.799411764706,0.799411764706,,0,8.5,17,17,1,0.588235294118,0.588235294118,0.588235294118,,0.8889,0.8889,0.8889,66,66,66,,"max(CPC最大最小比,浏览深度最大最小比)；仅使用至少2个正值"
5701,2,1,2,63563817,1841014603；4190988310,25.42,17,18,1,1.49529411765,1.49529411765,1.49529411765,,0,8.5,17,17,1,1.05882352941,1.05882352941,1.05882352941,,0.7857,0.7857,0.7857,191,191,191,,"max(CPC最大最小比,浏览深度最大最小比)；仅使用至少2个正值"
859,2,2,2,495403620；495817671,9628223555；9630806627,32.11,16,41,1,2.006875,2.006875,2.006875,,0,8,16,16,1,2.5625,2.5625,2.5625,,0.6364,0.6364,0.6364,626,626,626,,"max(CPC最大最小比,浏览深度最大最小比)；仅使用至少2个正值"
874,2,2,2,495403620；525368335,9628223555；9811363528,16.71,15,34,1,1.114,1.114,1.114,,0,7.5,15,15,1,2.26666666667,2.26666666667,2.26666666667,,0.7692,0.7692,0.7692,140,140,140,,"max(CPC最大最小比,浏览深度最大最小比)；仅使用至少2个正值"
3964,2,2,2,495817671；525368335,9630806627；9811363528,15.17,14,36,1,1.08357142857,1.08357142857,1.08357142857,,0,7,14,14,1,2.57142857143,2.57142857143,2.57142857143,,0.6,0.6,0.6,197,197,197,,"max(CPC最大最小比,浏览深度最大最小比)；仅使用至少2个正值"
217,2,2,2,495403620；525368335,9628223555；9811363528,27.42,13,10,1,2.10923076923,2.10923076923,2.10923076923,,0,6.5,13,13,1,0.769230769231,0.769230769231,0.769230769231,,0.8333,0.8333,0.8333,73,73,73,,"max(CPC最大最小比,浏览深度最大最小比)；仅使用至少2个正值"
3949,2,2,2,495403620；525368335,9628223555；9811363528,13.87,13,6,1,1.06692307692,1.06692307692,1.06692307692,,0,6.5,13,13,1,0.461538461538,0.461538461538,0.461538461538,,1,1,1,124,124,124,,"max(CPC最大最小比,浏览深度最大最小比)；仅使用至少2个正值"
1649,2,2,2,495817671；525368335,9630806627；9811363528,12.97,12,31,1,1.08083333333,1.08083333333,1.08083333333,,0,6,12,12,1,2.58333333333,2.58333333333,2.58333333333,,0.6,0.6,0.6,160,160,160,,"max(CPC最大最小比,浏览深度最大最小比)；仅使用至少2个正值"
2,2,2,2,495403620；525368335,9628223555；9811363528,14.89,12,9,1,1.24083333333,1.24083333333,1.24083333333,,0,6,12,12,1,0.75,0.75,0.75,,0.8333,0.8333,0.8333,86,86,86,,"max(CPC最大最小比,浏览深度最大最小比)；仅使用至少2个正值"
3481,2,2,2,495403620；525368335,9628223555；9811363528,8.14,12,63,1,0.678333333333,0.678333333333,0.678333333333,,0,6,12,12,1,5.16666666667,5.16666666667,5.16666666667,,0.4,0.4,0.4,474,474,474,,"max(CPC最大最小比,浏览深度最大最小比)；仅使用至少2个正值"
4854,2,2,2,495403620；495817671,9628223555；9630806627,7.17,12,10,1,0.5975,0.5975,0.5975,,0,6,12,12,1,0.833333333333,0.833333333333,0.833333333333,,1,1,1,58,58,58,,"max(CPC最大最小比,浏览深度最大最小比)；仅使用至少2个正值"
5126,2,2,2,495403620；495817671,9628223555；9630806627,10.69,12,8,1,0.890833333333,0.890833333333,0.890833333333,,0,6,12,12,1,0.666666666667,0.666666666667,0.666666666667,,1,1,1,21,21,21,,"max(CPC最大最小比,浏览深度最大最小比)；仅使用至少2个正值"
3106,2,1,2,63563817,1841014603；4190988310,18.29,11,18,1,1.66272727273,1.66272727273,1.66272727273,,0,5.5,11,11,1,1.63636363636,1.63636363636,1.63636363636,,0.7273,0.7273,0.7273,78,78,78,,"max(CPC最大最小比,浏览深度最大最小比)；仅使用至少2个正值"
3305,2,2,2,495817671；525368335,9630806627；9811363528,10.73,11,11,1,0.975454545455,0.975454545455,0.975454545455,,0,5.5,11,11,1,1,1,1,,0.75,0.75,0.75,32,32,32,,"max(CPC最大最小比,浏览深度最大最小比)；仅使用至少2个正值"
1235,2,2,2,495403620；525368335,9628223555；9811363528,10.08,10,27,1,1.008,1.008,1.008,,0,5,10,10,1,2.7,2.7,2.7,,0.6,0.6,0.6,119,119,119,,"max(CPC最大最小比,浏览深度最大最小比)；仅使用至少2个正值"
2176,2,2,2,495403620；495817671,9628223555；9630806627,17.75,10,27,1,1.775,1.775,1.775,,0,5,10,10,1,2.7,2.7,2.7,,0.6667,0.6667,0.6667,376,376,376,,"max(CPC最大最小比,浏览深度最大最小比)；仅使用至少2个正值"
4195,2,1,2,63563817,1841014603；4190988309,25.1,10,11,1,2.51,2.51,2.51,,0,5,10,10,1,1.1,1.1,1.1,,1,1,1,57,57,57,,"max(CPC最大最小比,浏览深度最大最小比)；仅使用至少2个正值"
2775,2,2,2,495403620；525368335,9628223555；9811363528,10.21,9,9,1,1.13444444444,1.13444444444,1.13444444444,,0,4.5,9,9,1,1,1,1,,0.8333,0.8333,0.8333,64,64,64,,"max(CPC最大最小比,浏览深度最大最小比)；仅使用至少2个正值"
6343,2,2,2,495403620；525368335,9628223555；9811363528,40.22,9,35,1,4.46888888889,4.46888888889,4.46888888889,,0,4.5,9,9,1,3.88888888889,3.88888888889,3.88888888889,,0.5,0.5,0.5,214,214,214,,"max(CPC最大最小比,浏览深度最大最小比)；仅使用至少2个正值"
391,2,2,2,495403620；495817671,9628223555；9630806627,11.9,8,13,1,1.4875,1.4875,1.4875,,0,4,8,8,1,1.625,1.625,1.625,,0.6667,0.6667,0.6667,245,245,245,,"max(CPC最大最小比,浏览深度最大最小比)；仅使用至少2个正值"
5862,2,2,2,495403620；495817671,9628223555；9630806627,5.94,8,5,1,0.7425,0.7425,0.7425,,0,4,8,8,1,0.625,0.625,0.625,,1,1,1,33,33,33,,"max(CPC最大最小比,浏览深度最大最小比)；仅使用至少2个正值"
609,2,2,2,495403620；525368335,9628223555；9811363528,7.94,8,14,1,0.9925,0.9925,0.9925,,0,4,8,8,1,1.75,1.75,1.75,,0.5,0.5,0.5,238,238,238,,"max(CPC最大最小比,浏览深度最大最小比)；仅使用至少2个正值"
752,2,2,2,495403620；525368335,9628223555；9811363528,5.46,8,7,1,0.6825,0.6825,0.6825,,0,4,8,8,1,0.875,0.875,0.875,,1,1,1,74,74,74,,"max(CPC最大最小比,浏览深度最大最小比)；仅使用至少2个正值"
848,2,2,2,495817671；525368335,9630806627；9811363528,8.34,8,27,1,1.0425,1.0425,1.0425,,0,4,8,8,1,3.375,3.375,3.375,,0.5714,0.5714,0.5714,254,254,254,,"max(CPC最大最小比,浏览深度最大最小比)；仅使用至少2个正值"
1517,2,1,2,63563817,1841014603；4190988310,9.07,7,7,1,1.29571428571,1.29571428571,1.29571428571,,0,3.5,7,7,1,1,1,1,,0.8333,0.8333,0.8333,11,11,11,,"max(CPC最大最小比,浏览深度最大最小比)；仅使用至少2个正值"
2570,2,1,2,63563817,1841014603；4190988310,10.34,7,27,1,1.47714285714,1.47714285714,1.47714285714,,0,3.5,7,7,1,3.85714285714,3.85714285714,3.85714285714,,0.5,0.5,0.5,54,54,54,,"max(CPC最大最小比,浏览深度最大最小比)；仅使用至少2个正值"
3659,3,3,3,495403620；495817671；525368335,9628223555；9630806627；9811363528,5.77,7,6,1,0.824285714286,0.824285714286,0.824285714286,,0,0,7,7,1,0.857142857143,0.857142857143,0.857142857143,,1,1,1,184,184,184,,"max(CPC最大最小比,浏览深度最大最小比)；仅使用至少2个正值"
3991,2,2,2,495403620；525368335,9628223555；9811363528,10.09,7,9,1,1.44142857143,1.44142857143,1.44142857143,,0,3.5,7,7,1,1.28571428571,1.28571428571,1.28571428571,,0.6,0.6,0.6,38,38,38,,"max(CPC最大最小比,浏览深度最大最小比)；仅使用至少2个正值"
62,2,2,2,495403620；525368335,9628223555；9811363528,5.88,7,10,1,0.84,0.84,0.84,,0,3.5,7,7,1,1.42857142857,1.42857142857,1.42857142857,,0.8333,0.8333,0.8333,372,372,372,,"max(CPC最大最小比,浏览深度最大最小比)；仅使用至少2个正值"
6436,2,2,2,495817671；525368335,9630806627；9811363528,9.62,7,6,1,1.37428571429,1.37428571429,1.37428571429,,0,3.5,7,7,1,0.857142857143,0.857142857143,0.857142857143,,1,1,1,52,52,52,,"max(CPC最大最小比,浏览深度最大最小比)；仅使用至少2个正值"
2127,2,2,2,495403620；525368335,9628223555；9811363528,16,6,7,1,2.66666666667,2.66666666667,2.66666666667,,0,3,6,6,1,1.16666666667,1.16666666667,1.16666666667,,0.8333,0.8333,0.8333,7,7,7,,"max(CPC最大最小比,浏览深度最大最小比)；仅使用至少2个正值"
3924,2,2,2,495403620；525368335,9628223555；9811363528,4.53,6,21,1,0.755,0.755,0.755,,0,3,6,6,1,3.5,3.5,3.5,,0.5,0.5,0.5,246,246,246,,"max(CPC最大最小比,浏览深度最大最小比)；仅使用至少2个正值"
57,2,2,2,495403620；525368335,9628223555；9811363528,5.02,6,2,1,0.836666666667,0.836666666667,0.836666666667,,0,3,6,6,1,0.333333333333,0.333333333333,0.333333333333,,1,1,1,2,2,2,,"max(CPC最大最小比,浏览深度最大最小比)；仅使用至少2个正值"
4613,2,2,2,495403620；495817671,9628223555；9630806627,5.38,5,3,1,1.076,1.076,1.076,,0,2.5,5,5,1,0.6,0.6,0.6,,1,1,1,80,80,80,,"max(CPC最大最小比,浏览深度最大最小比)；仅使用至少2个正值"
5111,2,2,2,495403620；525368335,9628223555；9811363528,4.1,5,24,1,0.82,0.82,0.82,,0,2.5,5,5,1,4.8,4.8,4.8,,0.6,0.6,0.6,263,263,263,,"max(CPC最大最小比,浏览深度最大最小比)；仅使用至少2个正值"
5655,2,2,2,495403620；495817671,9628223555；9630806627,3.04,5,4,1,0.608,0.608,0.608,,0,2.5,5,5,1,0.8,0.8,0.8,,1,1,1,63,63,63,,"max(CPC最大最小比,浏览深度最大最小比)；仅使用至少2个正值"
6039,2,2,2,495403620；525368335,9628223555；9811363528,2.31,5,3,1,0.462,0.462,0.462,,0,2.5,5,5,1,0.6,0.6,0.6,,1,1,1,6,6,6,,"max(CPC最大最小比,浏览深度最大最小比)；仅使用至少2个正值"
2294,2,1,2,63563817,1841014603；4190988310,6.61,4,4,1,1.6525,1.6525,1.6525,,0,2,4,4,1,1,1,1,,1,1,1,15,15,15,,"max(CPC最大最小比,浏览深度最大最小比)；仅使用至少2个正值"
2424,2,2,2,495403620；525368335,9628223555；9811363528,6.26,4,3,1,1.565,1.565,1.565,,0,2,4,4,1,0.75,0.75,0.75,,1,1,1,1,1,1,,"max(CPC最大最小比,浏览深度最大最小比)；仅使用至少2个正值"
4422,2,2,2,495403620；525368335,9628223555；9811363528,5.1,4,31,1,1.275,1.275,1.275,,0,2,4,4,1,7.75,7.75,7.75,,0.6,0.6,0.6,1425,1425,1425,,"max(CPC最大最小比,浏览深度最大最小比)；仅使用至少2个正值"
5163,2,2,2,495403620；525368335,9628223555；9811363528,2.85,4,3,1,0.7125,0.7125,0.7125,,0,2,4,4,1,0.75,0.75,0.75,,1,1,1,3,3,3,,"max(CPC最大最小比,浏览深度最大最小比)；仅使用至少2个正值"
5812,2,1,2,63563817,1841014603；4190988310,5.56,4,6,1,1.39,1.39,1.39,,0,2,4,4,1,1.5,1.5,1.5,,0.75,0.75,0.75,192,192,192,,"max(CPC最大最小比,浏览深度最大最小比)；仅使用至少2个正值"
6210,2,2,2,495403620；495817671,9628223555；9630806627,1.06,4,3,1,0.265,0.265,0.265,,0,2,4,4,1,0.75,0.75,0.75,,1,1,1,41,41,41,,"max(CPC最大最小比,浏览深度最大最小比)；仅使用至少2个正值"
652,2,2,2,495403620；525368335,9628223555；9811363528,2.01,4,7,1,0.5025,0.5025,0.5025,,0,2,4,4,1,1.75,1.75,1.75,,0.5,0.5,0.5,63,63,63,,"max(CPC最大最小比,浏览深度最大最小比)；仅使用至少2个正值"
190,2,2,2,495403620；525368335,9628223555；9811363528,4.14,3,2,1,1.38,1.38,1.38,,0,1.5,3,3,1,0.666666666667,0.666666666667,0.666666666667,,1,1,1,21,21,21,,"max(CPC最大最小比,浏览深度最大最小比)；仅使用至少2个正值"
432,2,2,2,495403620；525368335,9628223555；9811363528,2.08,3,0,1,0.693333333333,0.693333333333,0.693333333333,,0,1.5,3,3,0,,0,0,,0,0,0,0,0,0,,"max(CPC最大最小比,浏览深度最大最小比)；仅使用至少2个正值"
4717,2,2,2,495403620；525368335,9628223555；9811363528,1.77,3,3,1,0.59,0.59,0.59,,0,1.5,3,3,1,1,1,1,,1,1,1,15,15,15,,"max(CPC最大最小比,浏览深度最大最小比)；仅使用至少2个正值"
4868,2,1,2,63563817,1841014603；4190988310,6.19,3,3,1,2.06333333333,2.06333333333,2.06333333333,,0,1.5,3,3,1,1,1,1,,1,1,1,191,191,191,,"max(CPC最大最小比,浏览深度最大最小比)；仅使用至少2个正值"
560,2,2,2,495817671；525368335,9630806627；9811363528,1.56,3,5,1,0.52,0.52,0.52,,0,1.5,3,3,1,1.66666666667,1.66666666667,1.66666666667,,0,0,0,239,239,239,,"max(CPC最大最小比,浏览深度最大最小比)；仅使用至少2个正值"
5831,2,2,2,495817671；525368335,9630806627；9811363528,52.79,3,19,1,17.5966666667,17.5966666667,17.5966666667,,0,1.5,3,3,1,6.33333333333,6.33333333333,6.33333333333,,0.3333,0.3333,0.3333,517,517,517,,"max(CPC最大最小比,浏览深度最大最小比)；仅使用至少2个正值"
108,2,2,2,495817671；525368335,9630806627；9811363528,2.28,2,3,1,1.14,1.14,1.14,,0,1,2,2,1,1.5,1.5,1.5,,0.5,0.5,0.5,6,6,6,,"max(CPC最大最小比,浏览深度最大最小比)；仅使用至少2个正值"
2267,2,2,2,495817671；525368335,9630806627；9811363528,1.45,2,5,1,0.725,0.725,0.725,,0,1,2,2,1,2.5,2.5,2.5,,0.5,0.5,0.5,128,128,128,,"max(CPC最大最小比,浏览深度最大最小比)；仅使用至少2个正值"
2738,3,3,3,495403620；495817671；525368335,9628223555；9630806627；9811363528,2.73,2,2,1,1.365,1.365,1.365,,0,0,2,2,1,1,1,1,,1,1,1,120,120,120,,"max(CPC最大最小比,浏览深度最大最小比)；仅使用至少2个正值"
303,2,2,2,495403620；525368335,9628223555；9811363528,1.3,2,2,1,0.65,0.65,0.65,,0,1,2,2,1,1,1,1,,1,1,1,62,62,62,,"max(CPC最大最小比,浏览深度最大最小比)；仅使用至少2个正值"
4001,2,2,2,495403620；495817671,9628223555；9630806627,1.61,2,2,1,0.805,0.805,0.805,,0,1,2,2,1,1,1,1,,1,1,1,120,120,120,,"max(CPC最大最小比,浏览深度最大最小比)；仅使用至少2个正值"
5199,2,2,2,495403620；495817671,9628223555；9630806627,2.75,2,3,1,1.375,1.375,1.375,,0,1,2,2,1,1.5,1.5,1.5,,0.5,0.5,0.5,4,4,4,,"max(CPC最大最小比,浏览深度最大最小比)；仅使用至少2个正值"
561,2,2,2,495817671；525368335,9630806627；9811363528,1.12,2,2,1,0.56,0.56,0.56,,0,1,2,2,1,1,1,1,,1,1,1,120,120,120,,"max(CPC最大最小比,浏览深度最大最小比)；仅使用至少2个正值"
6207,2,1,2,63563817,2526158329；4190988309,2.68,2,3,1,1.34,1.34,1.34,,0,1,2,2,1,1.5,1.5,1.5,,0,0,0,19,19,19,,"max(CPC最大最小比,浏览深度最大最小比)；仅使用至少2个正值"
1475,2,2,2,495403620；525368335,9628223555；9811363528,0.64,1,1,1,0.64,0.64,0.64,,0,0.5,1,1,1,1,1,1,,1,1,1,120,120,120,,"max(CPC最大最小比,浏览深度最大最小比)；仅使用至少2个正值"
1583,2,1,2,63563817,1841014603；4190988310,0.48,1,1,1,0.48,0.48,0.48,,0,0.5,1,1,1,1,1,1,,1,1,1,120,120,120,,"max(CPC最大最小比,浏览深度最大最小比)；仅使用至少2个正值"
1647,3,3,3,495403620；495817671；525368335,9628223555；9630806627；9811363528,1.1,1,0,1,1.1,1.1,1.1,,0,0,1,1,0,,0,0,,0,0,0,0,0,0,,"max(CPC最大最小比,浏览深度最大最小比)；仅使用至少2个正值"
1921,3,3,3,495403620；495817671；525368335,9628223555；9630806627；9811363528,1.63,1,1,1,1.63,1.63,1.63,,0,0,1,1,1,1,1,1,,1,1,1,22,22,22,,"max(CPC最大最小比,浏览深度最大最小比)；仅使用至少2个正值"
2370,2,2,2,495403620；495817671,9628223555；9630806627,1.26,1,1,1,1.26,1.26,1.26,,0,0.5,1,1,1,1,1,1,,1,1,1,3,3,3,,"max(CPC最大最小比,浏览深度最大最小比)；仅使用至少2个正值"
2980,2,1,2,63563817,1841014603；4190988310,1.88,1,1,1,1.88,1.88,1.88,,0,0.5,1,1,1,1,1,1,,1,1,1,1,1,1,,"max(CPC最大最小比,浏览深度最大最小比)；仅使用至少2个正值"
3505,2,2,2,495817671；525368335,9630806627；9811363528,0.5,1,1,1,0.5,0.5,0.5,,0,0.5,1,1,1,1,1,1,,1,1,1,120,120,120,,"max(CPC最大最小比,浏览深度最大最小比)；仅使用至少2个正值"
3951,2,2,2,495403620；525368335,9628223555；9811363528,4.31,1,0,1,4.31,4.31,4.31,,0,0.5,1,1,0,,0,0,,0,0,0,0,0,0,,"max(CPC最大最小比,浏览深度最大最小比)；仅使用至少2个正值"
4541,3,3,3,495403620；495817671；525368335,9628223555；9630806627；9811363528,1.13,1,1,1,1.13,1.13,1.13,,0,0,1,1,1,1,1,1,,1,1,1,41,41,41,,"max(CPC最大最小比,浏览深度最大最小比)；仅使用至少2个正值"
528,2,2,2,495403620；525368335,9628223555；9811363528,1.27,1,0,1,1.27,1.27,1.27,,0,0.5,1,1,0,,0,0,,0,0,0,0,0,0,,"max(CPC最大最小比,浏览深度最大最小比)；仅使用至少2个正值"
55,2,2,2,495403620；525368335,9628223555；9811363528,0.9,1,1,1,0.9,0.9,0.9,,0,0.5,1,1,1,1,1,1,,1,1,1,120,120,120,,"max(CPC最大最小比,浏览深度最大最小比)；仅使用至少2个正值"
5801,3,1,3,63563817,1841014603；4190988309；4190988310,0.5,1,2,1,0.5,0.5,0.5,,0,0,1,1,1,2,2,2,,0,0,0,32,32,32,,"max(CPC最大最小比,浏览深度最大最小比)；仅使用至少2个正值"
6082,3,1,3,63563817,1841014603；4190988309；4190988310,1.85,1,1,1,1.85,1.85,1.85,,0,0,1,1,1,1,1,1,,1,1,1,12,12,12,,"max(CPC最大最小比,浏览深度最大最小比)；仅使用至少2个正值"
6173,2,2,2,495403620；525368335,9628223555；9811363528,1.4,1,1,1,1.4,1.4,1.4,,0,0.5,1,1,1,1,1,1,,1,1,1,46,46,46,,"max(CPC最大最小比,浏览深度最大最小比)；仅使用至少2个正值"
6364,2,1,2,63563817,1841014603；4190988310,0.9,1,1,1,0.9,0.9,0.9,,0,0.5,1,1,1,1,1,1,,1,1,1,7,7,7,,"max(CPC最大最小比,浏览深度最大最小比)；仅使用至少2个正值"
6604,2,1,2,63563817,2526158329；4190988310,1.8,1,2,1,1.8,1.8,1.8,,0,0.5,1,1,1,2,2,2,,0,0,0,9,9,9,,"max(CPC最大最小比,浏览深度最大最小比)；仅使用至少2个正值"
677,2,2,2,495817671；525368335,9630806627；9811363528,1.39,1,1,1,1.39,1.39,1.39,,0,0.5,1,1,1,1,1,1,,1,1,1,120,120,120,,"max(CPC最大最小比,浏览深度最大最小比)；仅使用至少2个正值"
1225,2,2,2,495817671；525368335,9630806627；9811363528,0,0,0,0,,,,,0,0,0,0,0,,,,,,,,,,,,"max(CPC最大最小比,浏览深度最大最小比)；仅使用至少2个正值"
1277,3,1,3,63563817,1841014603；2526158329；4190988309,0,0,0,0,,,,,0,0,0,0,0,,,,,,,,,,,,"max(CPC最大最小比,浏览深度最大最小比)；仅使用至少2个正值"
155,2,2,2,495403620；495817671,9628223555；9630806627,0,0,0,0,,,,,0,0,0,0,0,,,,,,,,,,,,"max(CPC最大最小比,浏览深度最大最小比)；仅使用至少2个正值"
1621,2,2,2,495403620；525368335,9628223555；9811363528,0,0,0,0,,,,,0,0,0,0,0,,,,,,,,,,,,"max(CPC最大最小比,浏览深度最大最小比)；仅使用至少2个正值"
1702,2,2,2,495817671；525368335,9630806627；9811363528,0,0,0,0,,,,,0,0,0,0,0,,,,,,,,,,,,"max(CPC最大最小比,浏览深度最大最小比)；仅使用至少2个正值"
2072,2,2,2,495403620；525368335,9628223555；9811363528,0,0,0,0,,,,,0,0,0,0,0,,,,,,,,,,,,"max(CPC最大最小比,浏览深度最大最小比)；仅使用至少2个正值"
231,2,2,2,495817671；525368335,9630806627；9811363528,0,0,0,0,,,,,0,0,0,0,0,,,,,,,,,,,,"max(CPC最大最小比,浏览深度最大最小比)；仅使用至少2个正值"
2322,2,2,2,495817671；525368335,9630806627；9811363528,0,0,0,0,,,,,0,0,0,0,0,,,,,,,,,,,,"max(CPC最大最小比,浏览深度最大最小比)；仅使用至少2个正值"
2373,3,1,3,63563817,1841014603；2526158329；4190988309,0,0,0,0,,,,,0,0,0,0,0,,,,,,,,,,,,"max(CPC最大最小比,浏览深度最大最小比)；仅使用至少2个正值"
2384,2,1,2,63563817,1841014603；4190988310,0,0,0,0,,,,,0,0,0,0,0,,,,,,,,,,,,"max(CPC最大最小比,浏览深度最大最小比)；仅使用至少2个正值"
2425,2,2,2,495817671；525368335,9630806627；9811363528,0,0,0,0,,,,,0,0,0,0,0,,,,,,,,,,,,"max(CPC最大最小比,浏览深度最大最小比)；仅使用至少2个正值"
2441,2,2,2,495403620；525368335,9628223555；9811363528,0,0,0,0,,,,,0,0,0,0,0,,,,,,,,,,,,"max(CPC最大最小比,浏览深度最大最小比)；仅使用至少2个正值"
2678,2,2,2,495403620；525368335,9628223555；9811363528,0,0,0,0,,,,,0,0,0,0,0,,,,,,,,,,,,"max(CPC最大最小比,浏览深度最大最小比)；仅使用至少2个正值"
2703,2,2,2,495403620；495817671,9628223555；9630806627,0,0,0,0,,,,,0,0,0,0,0,,,,,,,,,,,,"max(CPC最大最小比,浏览深度最大最小比)；仅使用至少2个正值"
2789,3,1,3,63563817,1841014603；4190988309；4190988310,0,0,0,0,,,,,0,0,0,0,0,,,,,,,,,,,,"max(CPC最大最小比,浏览深度最大最小比)；仅使用至少2个正值"
3060,2,2,2,495403620；525368335,9628223555；9811363528,0,0,0,0,,,,,0,0,0,0,0,,,,,,,,,,,,"max(CPC最大最小比,浏览深度最大最小比)；仅使用至少2个正值"
3195,2,2,2,495403620；495817671,9628223555；9630806627,0,0,0,0,,,,,0,0,0,0,0,,,,,,,,,,,,"max(CPC最大最小比,浏览深度最大最小比)；仅使用至少2个正值"
3275,3,3,3,495403620；495817671；525368335,9628223555；9630806627；9811363528,0,0,0,0,,,,,0,0,0,0,0,,,,,,,,,,,,"max(CPC最大最小比,浏览深度最大最小比)；仅使用至少2个正值"
3485,2,1,2,63563817,1841014603；4190988309,0,0,0,0,,,,,0,0,0,0,0,,,,,,,,,,,,"max(CPC最大最小比,浏览深度最大最小比)；仅使用至少2个正值"
3566,2,2,2,495817671；525368335,9630806627；9811363528,0,0,0,0,,,,,0,0,0,0,0,,,,,,,,,,,,"max(CPC最大最小比,浏览深度最大最小比)；仅使用至少2个正值"
3579,2,2,2,495403620；495817671,9628223555；9630806627,0,0,0,0,,,,,0,0,0,0,0,,,,,,,,,,,,"max(CPC最大最小比,浏览深度最大最小比)；仅使用至少2个正值"
3840,2,1,2,63563817,1841014603；4190988309,0,0,0,0,,,,,0,0,0,0,0,,,,,,,,,,,,"max(CPC最大最小比,浏览深度最大最小比)；仅使用至少2个正值"
4020,2,2,2,495403620；525368335,9628223555；9811363528,0,0,0,0,,,,,0,0,0,0,0,,,,,,,,,,,,"max(CPC最大最小比,浏览深度最大最小比)；仅使用至少2个正值"
4043,2,1,2,63563817,1841014603；4190988310,0,0,0,0,,,,,0,0,0,0,0,,,,,,,,,,,,"max(CPC最大最小比,浏览深度最大最小比)；仅使用至少2个正值"
4447,2,2,2,495817671；525368335,9630806627；9811363528,0,0,0,0,,,,,0,0,0,0,0,,,,,,,,,,,,"max(CPC最大最小比,浏览深度最大最小比)；仅使用至少2个正值"
4463,2,2,2,495403620；525368335,9628223555；9811363528,0,0,0,0,,,,,0,0,0,0,0,,,,,,,,,,,,"max(CPC最大最小比,浏览深度最大最小比)；仅使用至少2个正值"
4545,2,2,2,495403620；525368335,9628223555；9811363528,0,0,0,0,,,,,0,0,0,0,0,,,,,,,,,,,,"max(CPC最大最小比,浏览深度最大最小比)；仅使用至少2个正值"
5038,2,2,2,495403620；495817671,9628223555；9630806627,0,0,0,0,,,,,0,0,0,0,0,,,,,,,,,,,,"max(CPC最大最小比,浏览深度最大最小比)；仅使用至少2个正值"
5259,2,2,2,495403620；495817671,9628223555；9630806627,0,0,0,0,,,,,0,0,0,0,0,,,,,,,,,,,,"max(CPC最大最小比,浏览深度最大最小比)；仅使用至少2个正值"
5393,2,1,2,63563817,1841014603；4190988310,0,0,0,0,,,,,0,0,0,0,0,,,,,,,,,,,,"max(CPC最大最小比,浏览深度最大最小比)；仅使用至少2个正值"
546,2,2,2,495403620；495817671,9628223555；9630806627,0,0,0,0,,,,,0,0,0,0,0,,,,,,,,,,,,"max(CPC最大最小比,浏览深度最大最小比)；仅使用至少2个正值"
5672,3,3,3,495403620；495817671；525368335,9628223555；9630806627；9811363528,0,0,0,0,,,,,0,0,0,0,0,,,,,,,,,,,,"max(CPC最大最小比,浏览深度最大最小比)；仅使用至少2个正值"
5683,2,2,2,495403620；525368335,9628223555；9811363528,0,0,0,0,,,,,0,0,0,0,0,,,,,,,,,,,,"max(CPC最大最小比,浏览深度最大最小比)；仅使用至少2个正值"
5849,2,1,2,63563817,1841014603；4190988310,0,0,0,0,,,,,0,0,0,0,0,,,,,,,,,,,,"max(CPC最大最小比,浏览深度最大最小比)；仅使用至少2个正值"
5910,2,1,2,63563817,2526158329；4190988309,0,0,0,0,,,,,0,0,0,0,0,,,,,,,,,,,,"max(CPC最大最小比,浏览深度最大最小比)；仅使用至少2个正值"
5917,2,2,2,495403620；495817671,9628223555；9630806627,0,0,0,0,,,,,0,0,0,0,0,,,,,,,,,,,,"max(CPC最大最小比,浏览深度最大最小比)；仅使用至少2个正值"
5973,2,1,2,63563817,1841014603；4190988310,0,0,0,0,,,,,0,0,0,0,0,,,,,,,,,,,,"max(CPC最大最小比,浏览深度最大最小比)；仅使用至少2个正值"
6177,2,2,2,495403620；525368335,9628223555；9811363528,0,0,0,0,,,,,0,0,0,0,0,,,,,,,,,,,,"max(CPC最大最小比,浏览深度最大最小比)；仅使用至少2个正值"
6299,2,1,2,63563817,1841014603；4190988310,0,0,0,0,,,,,0,0,0,0,0,,,,,,,,,,,,"max(CPC最大最小比,浏览深度最大最小比)；仅使用至少2个正值"
6451,2,2,2,495403620；525368335,9628223555；9811363528,0,0,0,0,,,,,0,0,0,0,0,,,,,,,,,,,,"max(CPC最大最小比,浏览深度最大最小比)；仅使用至少2个正值"
763,3,3,3,495403620；495817671；525368335,9628223555；9630806627；9811363528,0,0,0,0,,,,,0,0,0,0,0,,,,,,,,,,,,"max(CPC最大最小比,浏览深度最大最小比)；仅使用至少2个正值"
867,2,1,2,63563817,1841014603；4190988310,0,0,0,0,,,,,0,0,0,0,0,,,,,,,,,,,,"max(CPC最大最小比,浏览深度最大最小比)；仅使用至少2个正值"
