指标,事后方法,组1,组2,统计量名称,统计量,原始p值,校正方法,校正p值,校正后显著,效应量名称,效应量
总消费额,Dunn检验,周一,周二,z,-4.88567929258,1.03072859504e-06,Holm,1.75223861156e-05,True,rank_biserial_r,-0.569526627219
总消费额,Dunn检验,周一,周三,z,-5.51588250765,3.47034056806e-08,Holm,6.59364707932e-07,True,rank_biserial_r,-0.595791001451
总消费额,Dunn检验,周一,周四,z,-5.75277816646,8.77886503131e-09,Holm,1.84356165658e-07,True,rank_biserial_r,-0.635355029586
总消费额,Dunn检验,周一,周五,z,-5.61709066851,1.94199530747e-08,Holm,3.88399061493e-07,True,rank_biserial_r,-0.622781065089
总消费额,Dunn检验,周一,周六,z,-5.13567886072,2.81127361932e-07,Holm,5.06029251478e-06,True,rank_biserial_r,-0.611686390533
总消费额,Dunn检验,周一,周日,z,-1.04460786092,0.296204244953,Holm,1,False,rank_biserial_r,-0.131656804734
总消费额,Dunn检验,周二,周三,z,-0.606993206548,0.543855420555,Holm,1,False,rank_biserial_r,-0.0718432510885
总消费额,Dunn检验,周二,周四,z,-0.867098873879,0.385887837576,Holm,1,False,rank_biserial_r,-0.110207100592
总消费额,Dunn检验,周二,周五,z,-0.73141137593,0.464527918823,Holm,1,False,rank_biserial_r,-0.0917159763314
总消费额,Dunn检验,周二,周六,z,-0.249999568139,0.802587682608,Holm,1,False,rank_biserial_r,-0.0377218934911
总消费额,Dunn检验,周二,周日,z,3.84107143166,0.000122498458193,Holm,0.00146998149832,True,rank_biserial_r,0.453402366864
总消费额,Dunn检验,周三,周四,z,-0.264224925072,0.791606605911,Holm,1,False,rank_biserial_r,-0.021770682148
总消费额,Dunn检验,周三,周五,z,-0.127892827305,0.898233787413,Holm,1,False,rank_biserial_r,-0.00290275761974
总消费额,Dunn检验,周三,周六,z,0.35580598532,0.721985866406,Holm,1,False,rank_biserial_r,0.0638606676343
总消费额,Dunn检验,周三,周日,z,4.46631211114,7.95794883658e-06,Holm,0.000111411283712,True,rank_biserial_r,0.484034833091
总消费额,Dunn检验,周四,周五,z,0.135687497949,0.8920683315,Holm,1,False,rank_biserial_r,0.0162721893491
总消费额,Dunn检验,周四,周六,z,0.61709930574,0.53716922659,Holm,1,False,rank_biserial_r,0.0924556213018
总消费额,Dunn检验,周四,周日,z,4.70817030554,2.4995023498e-06,Holm,3.99920375967e-05,True,rank_biserial_r,0.523668639053
总消费额,Dunn检验,周五,周六,z,0.481411807791,0.630223846252,Holm,1,False,rank_biserial_r,0.0754437869822
总消费额,Dunn检验,周五,周日,z,4.57248280759,4.81978781919e-06,Holm,7.22968172878e-05,True,rank_biserial_r,0.515532544379
总消费额,Dunn检验,周六,周日,z,4.0910709998,4.29385640327e-05,Holm,0.000558201332425,True,rank_biserial_r,0.492603550296
总点击量,Dunn检验,周一,周二,z,-5.16402835977,2.41691054186e-07,Holm,4.35043897534e-06,True,rank_biserial_r,-0.563979289941
总点击量,Dunn检验,周一,周三,z,-5.64680990069,1.6345239423e-08,Holm,3.2690478846e-07,True,rank_biserial_r,-0.61030478955
总点击量,Dunn检验,周一,周四,z,-5.81876749042,5.92831298935e-09,Holm,1.24494572776e-07,True,rank_biserial_r,-0.635724852071
总点击量,Dunn检验,周一,周五,z,-5.56969710431,2.55182564382e-08,Holm,4.84846872326e-07,True,rank_biserial_r,-0.626479289941
总点击量,Dunn检验,周一,周六,z,-4.98373113997,6.23697283125e-07,Holm,1.06028538131e-05,True,rank_biserial_r,-0.591715976331
总点击量,Dunn检验,周一,周日,z,-0.903809516759,0.366096414565,Holm,1,False,rank_biserial_r,-0.153846153846
总点击量,Dunn检验,周二,周三,z,-0.458249201608,0.646773415131,Holm,1,False,rank_biserial_r,-0.0573294629898
总点击量,Dunn检验,周二,周四,z,-0.65473913065,0.512635726728,Holm,1,False,rank_biserial_r,-0.0761834319527
总点击量,Dunn检验,周二,周五,z,-0.40566874454,0.684986010528,Holm,1,False,rank_biserial_r,-0.0377218934911
总点击量,Dunn检验,周二,周六,z,0.180297219796,0.856919238189,Holm,1,False,rank_biserial_r,0.0399408284024
总点击量,Dunn检验,周二,周日,z,4.26021884301,2.04226839639e-05,Holm,0.00026549489153,True,rank_biserial_r,0.484467455621
总点击量,Dunn检验,周三,周四,z,-0.19960034622,0.841793156987,Holm,1,False,rank_biserial_r,-0.011611030479
总点击量,Dunn检验,周三,周五,z,0.0506532787874,0.959601806948,Holm,1,False,rank_biserial_r,0.0246734397678
总点击量,Dunn检验,周三,周六,z,0.639402945083,0.522560833579,Holm,1,False,rank_biserial_r,0.0732946298984
总点击量,Dunn检验,周三,周日,z,4.73870672786,2.15086528367e-06,Holm,3.2262979255e-05,True,rank_biserial_r,0.52503628447
总点击量,Dunn检验,周四,周五,z,0.249070386109,0.80330633618,Holm,1,False,rank_biserial_r,0.0362426035503
总点击量,Dunn检验,周四,周六,z,0.835036350445,0.403697241923,Holm,1,False,rank_biserial_r,0.113535502959
总点击量,Dunn检验,周四,周日,z,4.91495797366,8.88015067723e-07,Holm,1.42082410836e-05,True,rank_biserial_r,0.563609467456
总点击量,Dunn检验,周五,周六,z,0.585965964336,0.55789838721,Holm,1,False,rank_biserial_r,0.0843195266272
总点击量,Dunn检验,周五,周日,z,4.66588758755,3.07287670612e-06,Holm,4.30202738857e-05,True,rank_biserial_r,0.551775147929
总点击量,Dunn检验,周六,周日,z,4.07992162321,4.50508879569e-05,Holm,0.000540610655483,True,rank_biserial_r,0.493343195266
CTR,Dunn检验,周一,周二,z,-2.61756069555,0.00885607368589,Holm,0.159409326346,False,rank_biserial_r,-0.298076923077
CTR,Dunn检验,周一,周三,z,-2.85787366825,0.00426490152041,Holm,0.0895629319286,False,rank_biserial_r,-0.303338171263
CTR,Dunn检验,周一,周四,z,-2.64822978944,0.0080914504982,Holm,0.153737559466,False,rank_biserial_r,-0.281804733728
CTR,Dunn检验,周一,周五,z,-2.68912191464,0.00716402498128,Holm,0.143280499626,False,rank_biserial_r,-0.300295857988
CTR,Dunn检验,周一,周六,z,-2.50417798479,0.012273627388,Holm,0.208651665596,False,rank_biserial_r,-0.311390532544
CTR,Dunn检验,周一,周日,z,-0.513939664349,0.607294175017,Holm,1,False,rank_biserial_r,-0.0721153846154
CTR,Dunn检验,周二,周三,z,-0.227877935035,0.81974113675,Holm,1,False,rank_biserial_r,-0.0290275761974
CTR,Dunn检验,周二,周四,z,-0.0306690938943,0.975533439062,Holm,1,False,rank_biserial_r,-0.00591715976331
CTR,Dunn检验,周二,周五,z,-0.0715612190866,0.942951103599,Holm,1,False,rank_biserial_r,-0.0140532544379
CTR,Dunn检验,周二,周六,z,0.113382710761,0.90972714613,Holm,1,False,rank_biserial_r,0.0155325443787
CTR,Dunn检验,周二,周日,z,2.1036210312,0.0354115178919,Holm,0.460349732594,False,rank_biserial_r,0.246301775148
CTR,Dunn检验,周三,周四,z,0.197063143913,0.843778124741,Holm,1,False,rank_biserial_r,0.0159651669086
CTR,Dunn检验,周三,周五,z,0.15597675575,0.87605134318,Holm,1,False,rank_biserial_r,0.0246734397678
CTR,Dunn检验,周三,周六,z,0.341799284033,0.732501948431,Holm,1,False,rank_biserial_r,0.0566037735849
CTR,Dunn检验,周三,周日,z,2.34149247157,0.0192068133164,Holm,0.307309013062,False,rank_biserial_r,0.261248185776
CTR,Dunn检验,周四,周五,z,-0.0408921251923,0.967381895384,Holm,1,False,rank_biserial_r,0.00295857988166
CTR,Dunn检验,周四,周六,z,0.144051804655,0.885459561993,Holm,1,False,rank_biserial_r,0.0288461538462
CTR,Dunn检验,周四,周日,z,2.1342901251,0.0328190391116,Holm,0.459466547563,False,rank_biserial_r,0.23150887574
CTR,Dunn检验,周五,周六,z,0.184943929847,0.853273014253,Holm,1,False,rank_biserial_r,0.0377218934911
CTR,Dunn检验,周五,周日,z,2.17518225029,0.0296164617519,Holm,0.444246926279,False,rank_biserial_r,0.243343195266
CTR,Dunn检验,周六,周日,z,1.99023832044,0.0465646888684,Holm,0.558776266421,False,rank_biserial_r,0.248520710059
新注册数,Dunn检验,周一,周二,z,-5.09533881243,3.48118103743e-07,Holm,6.61424397111e-06,True,rank_biserial_r,-0.566937869822
新注册数,Dunn检验,周一,周三,z,-5.19456577313,2.05198218665e-07,Holm,4.30916259197e-06,True,rank_biserial_r,-0.571117561684
新注册数,Dunn检验,周一,周四,z,-5.12136151863,3.03337462515e-07,Holm,6.06674925029e-06,True,rank_biserial_r,-0.560650887574
新注册数,Dunn检验,周一,周五,z,-4.99357144353,5.92728451037e-07,Holm,1.06691121187e-05,True,rank_biserial_r,-0.567677514793
新注册数,Dunn检验,周一,周六,z,-3.99216194597,6.54736326527e-05,Holm,0.000851157224486,True,rank_biserial_r,-0.494822485207
新注册数,Dunn检验,周一,周日,z,-0.399169725479,0.689768148897,Holm,1,False,rank_biserial_r,-0.0477071005917
新注册数,Dunn检验,周二,周三,z,-0.07502093936,0.940198051638,Holm,1,False,rank_biserial_r,-0.00907111756168
新注册数,Dunn检验,周二,周四,z,-0.0260227062012,0.979239227652,Holm,1,False,rank_biserial_r,-0.00184911242604
新注册数,Dunn检验,周二,周五,z,0.101767368894,0.918941326991,Holm,1,False,rank_biserial_r,0.0236686390533
新注册数,Dunn检验,周二,周六,z,1.10317686646,0.269950365388,Holm,1,False,rank_biserial_r,0.130547337278
新注册数,Dunn检验,周二,周日,z,4.69616908695,2.65086129815e-06,Holm,3.97629194722e-05,True,rank_biserial_r,0.525147928994
新注册数,Dunn检验,周三,周四,z,0.0488746091556,0.961019223632,Holm,1,False,rank_biserial_r,0.00979680696662
新注册数,Dunn检验,周三,周五,z,0.177271766409,0.85929492669,Holm,1,False,rank_biserial_r,0.0312046444122
新注册数,Dunn检验,周三,周六,z,1.18343858052,0.236635374713,Holm,1,False,rank_biserial_r,0.145863570392
新注册数,Dunn检验,周三,周日,z,4.79349974374,1.63896668732e-06,Holm,2.78624336845e-05,True,rank_biserial_r,0.527576197388
新注册数,Dunn检验,周四,周五,z,0.127790075095,0.898315104592,Holm,1,False,rank_biserial_r,0.0240384615385
新注册数,Dunn检验,周四,周六,z,1.12919957266,0.258813653973,Holm,1,False,rank_biserial_r,0.157544378698
新注册数,Dunn检验,周四,周日,z,4.72219179315,2.33316500056e-06,Holm,3.73306400089e-05,True,rank_biserial_r,0.521819526627
新注册数,Dunn检验,周五,周六,z,1.00140949756,0.316628874289,Holm,1,False,rank_biserial_r,0.137573964497
新注册数,Dunn检验,周五,周日,z,4.59440171805,4.33992611063e-06,Holm,6.07589655489e-05,True,rank_biserial_r,0.528476331361
新注册数,Dunn检验,周六,周日,z,3.59299222049,0.000326902351433,Holm,0.0039228282172,True,rank_biserial_r,0.43676035503
